"variable","storage","data_type","unit","source_group","role","required_for","description","privacy"
"case","input","integer","0/1","Matched health records","outcome","All modules","Indicator equal to 1 on a case day and 0 on a matched referent day.","Restricted at row level"
"global_id","input","character",,"Matched health records","matched-set identifier","All model modules","Pseudonymous identifier for a matched case-control stratum; repeated across its case and referent days.","Restricted at row level"
"time","input","Date","YYYY-MM-DD","Matched health records","calendar time","Descriptive and subgroup modules","Calendar date of the case or matched referent day.","Restricted at row level"
"holiday","input","integer","0/1","Matched health records","covariate","All model modules","Public-holiday indicator used as an adjustment covariate.","Restricted at row level"
"outbreak_effect","input","integer","count","Matched health records","covariate","All model modules","Precomputed local outbreak adjustment covariate used in the analysis.","Restricted at row level"
"province","input","character",,"Matched health records","geographic grouping","Descriptive module","Province containing the record.","Restricted at row level"
"age","input","numeric","years","Matched health records","subgroup variable","Descriptive and subgroup modules","Age at disease onset.","Restricted at row level"
"gender","input","character",,"Matched health records","subgroup variable","Descriptive and subgroup modules","Recorded sex category, coded M or F in the analytical dataset.","Restricted at row level"
"longitude","input","numeric","decimal degrees","Matched health records","spatial coordinate","Spatial module","Restricted record longitude in WGS84.","Restricted at row level"
"latitude","input","numeric","decimal degrees","Matched health records","spatial coordinate","Spatial module","Restricted record latitude in WGS84.","Restricted at row level"
"county_id","derived","integer",,"Spatial join","spatial index","Spatial model after geographic assignment","Sequential county index created after geographic assignment.","Restricted at row level"
"year","derived","integer","year","Derived from time","temporal grouping","Derived temporal analyses","Calendar year derived from time.","Restricted at row level"
"month","derived","integer","1-12","Derived from time","temporal grouping","Derived temporal analyses","Calendar month derived from time.","Restricted at row level"
"season","derived","character",,"Derived from time","temporal grouping","Derived temporal analyses","Season derived from calendar month.","Restricted at row level"
"t2m","input","numeric","deg C","ERA5-Land-derived meteorology","current-day exposure","Environmental model modules","Temperature on the case or referent day (lag 0).","Restricted at row level"
"t2m_lag1","input","numeric","deg C","ERA5-Land-derived meteorology","single-day lagged exposure","Environmental model modules","Temperature 1 day(s) before the case or referent day.","Restricted at row level"
"t2m_lag2","input","numeric","deg C","ERA5-Land-derived meteorology","single-day lagged exposure","Environmental model modules","Temperature 2 day(s) before the case or referent day.","Restricted at row level"
"t2m_lag3","input","numeric","deg C","ERA5-Land-derived meteorology","single-day lagged exposure","Environmental model modules","Temperature 3 day(s) before the case or referent day.","Restricted at row level"
"t2m_lag4","input","numeric","deg C","ERA5-Land-derived meteorology","single-day lagged exposure","Environmental model modules","Temperature 4 day(s) before the case or referent day.","Restricted at row level"
"t2m_lag5","input","numeric","deg C","ERA5-Land-derived meteorology","single-day lagged exposure","Environmental model modules","Temperature 5 day(s) before the case or referent day.","Restricted at row level"
"t2m_lag6","input","numeric","deg C","ERA5-Land-derived meteorology","single-day lagged exposure","Environmental model modules","Temperature 6 day(s) before the case or referent day.","Restricted at row level"
"t2m_lag7","input","numeric","deg C","ERA5-Land-derived meteorology","single-day lagged exposure","Environmental model modules","Temperature 7 day(s) before the case or referent day.","Restricted at row level"
"t2m_lag8","input","numeric","deg C","ERA5-Land-derived meteorology","single-day lagged exposure","Environmental model modules","Temperature 8 day(s) before the case or referent day.","Restricted at row level"
"t2m_lag9","input","numeric","deg C","ERA5-Land-derived meteorology","single-day lagged exposure","Environmental model modules","Temperature 9 day(s) before the case or referent day.","Restricted at row level"
"t2m_lag10","input","numeric","deg C","ERA5-Land-derived meteorology","single-day lagged exposure","Environmental model modules","Temperature 10 day(s) before the case or referent day.","Restricted at row level"
"t2m_mavg1","derived","numeric","deg C","Derived from matched lag columns","cumulative moving-average exposure","Linear and moving-average B-DLNM modules","Temperature mean from lag 0 through lag 1, recomputed by the public workflow.","Restricted at row level"
"t2m_mavg2","derived","numeric","deg C","Derived from matched lag columns","cumulative moving-average exposure","Linear and moving-average B-DLNM modules","Temperature mean from lag 0 through lag 2, recomputed by the public workflow.","Restricted at row level"
"t2m_mavg3","derived","numeric","deg C","Derived from matched lag columns","cumulative moving-average exposure","Linear and moving-average B-DLNM modules","Temperature mean from lag 0 through lag 3, recomputed by the public workflow.","Restricted at row level"
"t2m_mavg4","derived","numeric","deg C","Derived from matched lag columns","cumulative moving-average exposure","Linear and moving-average B-DLNM modules","Temperature mean from lag 0 through lag 4, recomputed by the public workflow.","Restricted at row level"
"t2m_mavg5","derived","numeric","deg C","Derived from matched lag columns","cumulative moving-average exposure","Linear and moving-average B-DLNM modules","Temperature mean from lag 0 through lag 5, recomputed by the public workflow.","Restricted at row level"
"t2m_mavg6","derived","numeric","deg C","Derived from matched lag columns","cumulative moving-average exposure","Linear and moving-average B-DLNM modules","Temperature mean from lag 0 through lag 6, recomputed by the public workflow.","Restricted at row level"
"t2m_mavg7","derived","numeric","deg C","Derived from matched lag columns","cumulative moving-average exposure","Linear and moving-average B-DLNM modules","Temperature mean from lag 0 through lag 7, recomputed by the public workflow.","Restricted at row level"
"t2m_mavg8","derived","numeric","deg C","Derived from matched lag columns","cumulative moving-average exposure","Linear and moving-average B-DLNM modules","Temperature mean from lag 0 through lag 8, recomputed by the public workflow.","Restricted at row level"
"t2m_mavg9","derived","numeric","deg C","Derived from matched lag columns","cumulative moving-average exposure","Linear and moving-average B-DLNM modules","Temperature mean from lag 0 through lag 9, recomputed by the public workflow.","Restricted at row level"
"t2m_mavg10","derived","numeric","deg C","Derived from matched lag columns","cumulative moving-average exposure","Linear and moving-average B-DLNM modules","Temperature mean from lag 0 through lag 10, recomputed by the public workflow.","Restricted at row level"
"rh","input","numeric","%","ERA5-Land-derived meteorology","current-day exposure","Environmental model modules","Relative humidity on the case or referent day (lag 0).","Restricted at row level"
"rh_lag1","input","numeric","%","ERA5-Land-derived meteorology","single-day lagged exposure","Environmental model modules","Relative humidity 1 day(s) before the case or referent day.","Restricted at row level"
"rh_lag2","input","numeric","%","ERA5-Land-derived meteorology","single-day lagged exposure","Environmental model modules","Relative humidity 2 day(s) before the case or referent day.","Restricted at row level"
"rh_lag3","input","numeric","%","ERA5-Land-derived meteorology","single-day lagged exposure","Environmental model modules","Relative humidity 3 day(s) before the case or referent day.","Restricted at row level"
"rh_lag4","input","numeric","%","ERA5-Land-derived meteorology","single-day lagged exposure","Environmental model modules","Relative humidity 4 day(s) before the case or referent day.","Restricted at row level"
"rh_lag5","input","numeric","%","ERA5-Land-derived meteorology","single-day lagged exposure","Environmental model modules","Relative humidity 5 day(s) before the case or referent day.","Restricted at row level"
"rh_lag6","input","numeric","%","ERA5-Land-derived meteorology","single-day lagged exposure","Environmental model modules","Relative humidity 6 day(s) before the case or referent day.","Restricted at row level"
"rh_lag7","input","numeric","%","ERA5-Land-derived meteorology","single-day lagged exposure","Environmental model modules","Relative humidity 7 day(s) before the case or referent day.","Restricted at row level"
"rh_lag8","input","numeric","%","ERA5-Land-derived meteorology","single-day lagged exposure","Environmental model modules","Relative humidity 8 day(s) before the case or referent day.","Restricted at row level"
"rh_lag9","input","numeric","%","ERA5-Land-derived meteorology","single-day lagged exposure","Environmental model modules","Relative humidity 9 day(s) before the case or referent day.","Restricted at row level"
"rh_lag10","input","numeric","%","ERA5-Land-derived meteorology","single-day lagged exposure","Environmental model modules","Relative humidity 10 day(s) before the case or referent day.","Restricted at row level"
"rh_mavg1","derived","numeric","%","Derived from matched lag columns","cumulative moving-average exposure","Linear and moving-average B-DLNM modules","Relative humidity mean from lag 0 through lag 1, recomputed by the public workflow.","Restricted at row level"
"rh_mavg2","derived","numeric","%","Derived from matched lag columns","cumulative moving-average exposure","Linear and moving-average B-DLNM modules","Relative humidity mean from lag 0 through lag 2, recomputed by the public workflow.","Restricted at row level"
"rh_mavg3","derived","numeric","%","Derived from matched lag columns","cumulative moving-average exposure","Linear and moving-average B-DLNM modules","Relative humidity mean from lag 0 through lag 3, recomputed by the public workflow.","Restricted at row level"
"rh_mavg4","derived","numeric","%","Derived from matched lag columns","cumulative moving-average exposure","Linear and moving-average B-DLNM modules","Relative humidity mean from lag 0 through lag 4, recomputed by the public workflow.","Restricted at row level"
"rh_mavg5","derived","numeric","%","Derived from matched lag columns","cumulative moving-average exposure","Linear and moving-average B-DLNM modules","Relative humidity mean from lag 0 through lag 5, recomputed by the public workflow.","Restricted at row level"
"rh_mavg6","derived","numeric","%","Derived from matched lag columns","cumulative moving-average exposure","Linear and moving-average B-DLNM modules","Relative humidity mean from lag 0 through lag 6, recomputed by the public workflow.","Restricted at row level"
"rh_mavg7","derived","numeric","%","Derived from matched lag columns","cumulative moving-average exposure","Linear and moving-average B-DLNM modules","Relative humidity mean from lag 0 through lag 7, recomputed by the public workflow.","Restricted at row level"
"rh_mavg8","derived","numeric","%","Derived from matched lag columns","cumulative moving-average exposure","Linear and moving-average B-DLNM modules","Relative humidity mean from lag 0 through lag 8, recomputed by the public workflow.","Restricted at row level"
"rh_mavg9","derived","numeric","%","Derived from matched lag columns","cumulative moving-average exposure","Linear and moving-average B-DLNM modules","Relative humidity mean from lag 0 through lag 9, recomputed by the public workflow.","Restricted at row level"
"rh_mavg10","derived","numeric","%","Derived from matched lag columns","cumulative moving-average exposure","Linear and moving-average B-DLNM modules","Relative humidity mean from lag 0 through lag 10, recomputed by the public workflow.","Restricted at row level"
"ssr","input","numeric","MJ/m2","ERA5-Land-derived meteorology","current-day exposure","Environmental model modules","Solar radiation on the case or referent day (lag 0).","Restricted at row level"
"ssr_lag1","input","numeric","MJ/m2","ERA5-Land-derived meteorology","single-day lagged exposure","Environmental model modules","Solar radiation 1 day(s) before the case or referent day.","Restricted at row level"
"ssr_lag2","input","numeric","MJ/m2","ERA5-Land-derived meteorology","single-day lagged exposure","Environmental model modules","Solar radiation 2 day(s) before the case or referent day.","Restricted at row level"
"ssr_lag3","input","numeric","MJ/m2","ERA5-Land-derived meteorology","single-day lagged exposure","Environmental model modules","Solar radiation 3 day(s) before the case or referent day.","Restricted at row level"
"ssr_lag4","input","numeric","MJ/m2","ERA5-Land-derived meteorology","single-day lagged exposure","Environmental model modules","Solar radiation 4 day(s) before the case or referent day.","Restricted at row level"
"ssr_lag5","input","numeric","MJ/m2","ERA5-Land-derived meteorology","single-day lagged exposure","Environmental model modules","Solar radiation 5 day(s) before the case or referent day.","Restricted at row level"
"ssr_lag6","input","numeric","MJ/m2","ERA5-Land-derived meteorology","single-day lagged exposure","Environmental model modules","Solar radiation 6 day(s) before the case or referent day.","Restricted at row level"
"ssr_lag7","input","numeric","MJ/m2","ERA5-Land-derived meteorology","single-day lagged exposure","Environmental model modules","Solar radiation 7 day(s) before the case or referent day.","Restricted at row level"
"ssr_lag8","input","numeric","MJ/m2","ERA5-Land-derived meteorology","single-day lagged exposure","Environmental model modules","Solar radiation 8 day(s) before the case or referent day.","Restricted at row level"
"ssr_lag9","input","numeric","MJ/m2","ERA5-Land-derived meteorology","single-day lagged exposure","Environmental model modules","Solar radiation 9 day(s) before the case or referent day.","Restricted at row level"
"ssr_lag10","input","numeric","MJ/m2","ERA5-Land-derived meteorology","single-day lagged exposure","Environmental model modules","Solar radiation 10 day(s) before the case or referent day.","Restricted at row level"
"ssr_mavg1","derived","numeric","MJ/m2","Derived from matched lag columns","cumulative moving-average exposure","Linear and moving-average B-DLNM modules","Solar radiation mean from lag 0 through lag 1, recomputed by the public workflow.","Restricted at row level"
"ssr_mavg2","derived","numeric","MJ/m2","Derived from matched lag columns","cumulative moving-average exposure","Linear and moving-average B-DLNM modules","Solar radiation mean from lag 0 through lag 2, recomputed by the public workflow.","Restricted at row level"
"ssr_mavg3","derived","numeric","MJ/m2","Derived from matched lag columns","cumulative moving-average exposure","Linear and moving-average B-DLNM modules","Solar radiation mean from lag 0 through lag 3, recomputed by the public workflow.","Restricted at row level"
"ssr_mavg4","derived","numeric","MJ/m2","Derived from matched lag columns","cumulative moving-average exposure","Linear and moving-average B-DLNM modules","Solar radiation mean from lag 0 through lag 4, recomputed by the public workflow.","Restricted at row level"
"ssr_mavg5","derived","numeric","MJ/m2","Derived from matched lag columns","cumulative moving-average exposure","Linear and moving-average B-DLNM modules","Solar radiation mean from lag 0 through lag 5, recomputed by the public workflow.","Restricted at row level"
"ssr_mavg6","derived","numeric","MJ/m2","Derived from matched lag columns","cumulative moving-average exposure","Linear and moving-average B-DLNM modules","Solar radiation mean from lag 0 through lag 6, recomputed by the public workflow.","Restricted at row level"
"ssr_mavg7","derived","numeric","MJ/m2","Derived from matched lag columns","cumulative moving-average exposure","Linear and moving-average B-DLNM modules","Solar radiation mean from lag 0 through lag 7, recomputed by the public workflow.","Restricted at row level"
"ssr_mavg8","derived","numeric","MJ/m2","Derived from matched lag columns","cumulative moving-average exposure","Linear and moving-average B-DLNM modules","Solar radiation mean from lag 0 through lag 8, recomputed by the public workflow.","Restricted at row level"
"ssr_mavg9","derived","numeric","MJ/m2","Derived from matched lag columns","cumulative moving-average exposure","Linear and moving-average B-DLNM modules","Solar radiation mean from lag 0 through lag 9, recomputed by the public workflow.","Restricted at row level"
"ssr_mavg10","derived","numeric","MJ/m2","Derived from matched lag columns","cumulative moving-average exposure","Linear and moving-average B-DLNM modules","Solar radiation mean from lag 0 through lag 10, recomputed by the public workflow.","Restricted at row level"
"uv","input","numeric","m/s","ERA5-Land-derived meteorology","current-day exposure","Environmental model modules","Wind speed on the case or referent day (lag 0).","Restricted at row level"
"uv_lag1","input","numeric","m/s","ERA5-Land-derived meteorology","single-day lagged exposure","Environmental model modules","Wind speed 1 day(s) before the case or referent day.","Restricted at row level"
"uv_lag2","input","numeric","m/s","ERA5-Land-derived meteorology","single-day lagged exposure","Environmental model modules","Wind speed 2 day(s) before the case or referent day.","Restricted at row level"
"uv_lag3","input","numeric","m/s","ERA5-Land-derived meteorology","single-day lagged exposure","Environmental model modules","Wind speed 3 day(s) before the case or referent day.","Restricted at row level"
"uv_lag4","input","numeric","m/s","ERA5-Land-derived meteorology","single-day lagged exposure","Environmental model modules","Wind speed 4 day(s) before the case or referent day.","Restricted at row level"
"uv_lag5","input","numeric","m/s","ERA5-Land-derived meteorology","single-day lagged exposure","Environmental model modules","Wind speed 5 day(s) before the case or referent day.","Restricted at row level"
"uv_lag6","input","numeric","m/s","ERA5-Land-derived meteorology","single-day lagged exposure","Environmental model modules","Wind speed 6 day(s) before the case or referent day.","Restricted at row level"
"uv_lag7","input","numeric","m/s","ERA5-Land-derived meteorology","single-day lagged exposure","Environmental model modules","Wind speed 7 day(s) before the case or referent day.","Restricted at row level"
"uv_lag8","input","numeric","m/s","ERA5-Land-derived meteorology","single-day lagged exposure","Environmental model modules","Wind speed 8 day(s) before the case or referent day.","Restricted at row level"
"uv_lag9","input","numeric","m/s","ERA5-Land-derived meteorology","single-day lagged exposure","Environmental model modules","Wind speed 9 day(s) before the case or referent day.","Restricted at row level"
"uv_lag10","input","numeric","m/s","ERA5-Land-derived meteorology","single-day lagged exposure","Environmental model modules","Wind speed 10 day(s) before the case or referent day.","Restricted at row level"
"uv_mavg1","derived","numeric","m/s","Derived from matched lag columns","cumulative moving-average exposure","Linear and moving-average B-DLNM modules","Wind speed mean from lag 0 through lag 1, recomputed by the public workflow.","Restricted at row level"
"uv_mavg2","derived","numeric","m/s","Derived from matched lag columns","cumulative moving-average exposure","Linear and moving-average B-DLNM modules","Wind speed mean from lag 0 through lag 2, recomputed by the public workflow.","Restricted at row level"
"uv_mavg3","derived","numeric","m/s","Derived from matched lag columns","cumulative moving-average exposure","Linear and moving-average B-DLNM modules","Wind speed mean from lag 0 through lag 3, recomputed by the public workflow.","Restricted at row level"
"uv_mavg4","derived","numeric","m/s","Derived from matched lag columns","cumulative moving-average exposure","Linear and moving-average B-DLNM modules","Wind speed mean from lag 0 through lag 4, recomputed by the public workflow.","Restricted at row level"
"uv_mavg5","derived","numeric","m/s","Derived from matched lag columns","cumulative moving-average exposure","Linear and moving-average B-DLNM modules","Wind speed mean from lag 0 through lag 5, recomputed by the public workflow.","Restricted at row level"
"uv_mavg6","derived","numeric","m/s","Derived from matched lag columns","cumulative moving-average exposure","Linear and moving-average B-DLNM modules","Wind speed mean from lag 0 through lag 6, recomputed by the public workflow.","Restricted at row level"
"uv_mavg7","derived","numeric","m/s","Derived from matched lag columns","cumulative moving-average exposure","Linear and moving-average B-DLNM modules","Wind speed mean from lag 0 through lag 7, recomputed by the public workflow.","Restricted at row level"
"uv_mavg8","derived","numeric","m/s","Derived from matched lag columns","cumulative moving-average exposure","Linear and moving-average B-DLNM modules","Wind speed mean from lag 0 through lag 8, recomputed by the public workflow.","Restricted at row level"
"uv_mavg9","derived","numeric","m/s","Derived from matched lag columns","cumulative moving-average exposure","Linear and moving-average B-DLNM modules","Wind speed mean from lag 0 through lag 9, recomputed by the public workflow.","Restricted at row level"
"uv_mavg10","derived","numeric","m/s","Derived from matched lag columns","cumulative moving-average exposure","Linear and moving-average B-DLNM modules","Wind speed mean from lag 0 through lag 10, recomputed by the public workflow.","Restricted at row level"
"sp","input","numeric","kPa","ERA5-Land-derived meteorology","current-day exposure","Environmental model modules","Surface pressure on the case or referent day (lag 0).","Restricted at row level"
"sp_lag1","input","numeric","kPa","ERA5-Land-derived meteorology","single-day lagged exposure","Environmental model modules","Surface pressure 1 day(s) before the case or referent day.","Restricted at row level"
"sp_lag2","input","numeric","kPa","ERA5-Land-derived meteorology","single-day lagged exposure","Environmental model modules","Surface pressure 2 day(s) before the case or referent day.","Restricted at row level"
"sp_lag3","input","numeric","kPa","ERA5-Land-derived meteorology","single-day lagged exposure","Environmental model modules","Surface pressure 3 day(s) before the case or referent day.","Restricted at row level"
"sp_lag4","input","numeric","kPa","ERA5-Land-derived meteorology","single-day lagged exposure","Environmental model modules","Surface pressure 4 day(s) before the case or referent day.","Restricted at row level"
"sp_lag5","input","numeric","kPa","ERA5-Land-derived meteorology","single-day lagged exposure","Environmental model modules","Surface pressure 5 day(s) before the case or referent day.","Restricted at row level"
"sp_lag6","input","numeric","kPa","ERA5-Land-derived meteorology","single-day lagged exposure","Environmental model modules","Surface pressure 6 day(s) before the case or referent day.","Restricted at row level"
"sp_lag7","input","numeric","kPa","ERA5-Land-derived meteorology","single-day lagged exposure","Environmental model modules","Surface pressure 7 day(s) before the case or referent day.","Restricted at row level"
"sp_lag8","input","numeric","kPa","ERA5-Land-derived meteorology","single-day lagged exposure","Environmental model modules","Surface pressure 8 day(s) before the case or referent day.","Restricted at row level"
"sp_lag9","input","numeric","kPa","ERA5-Land-derived meteorology","single-day lagged exposure","Environmental model modules","Surface pressure 9 day(s) before the case or referent day.","Restricted at row level"
"sp_lag10","input","numeric","kPa","ERA5-Land-derived meteorology","single-day lagged exposure","Environmental model modules","Surface pressure 10 day(s) before the case or referent day.","Restricted at row level"
"sp_mavg1","derived","numeric","kPa","Derived from matched lag columns","cumulative moving-average exposure","Linear and moving-average B-DLNM modules","Surface pressure mean from lag 0 through lag 1, recomputed by the public workflow.","Restricted at row level"
"sp_mavg2","derived","numeric","kPa","Derived from matched lag columns","cumulative moving-average exposure","Linear and moving-average B-DLNM modules","Surface pressure mean from lag 0 through lag 2, recomputed by the public workflow.","Restricted at row level"
"sp_mavg3","derived","numeric","kPa","Derived from matched lag columns","cumulative moving-average exposure","Linear and moving-average B-DLNM modules","Surface pressure mean from lag 0 through lag 3, recomputed by the public workflow.","Restricted at row level"
"sp_mavg4","derived","numeric","kPa","Derived from matched lag columns","cumulative moving-average exposure","Linear and moving-average B-DLNM modules","Surface pressure mean from lag 0 through lag 4, recomputed by the public workflow.","Restricted at row level"
"sp_mavg5","derived","numeric","kPa","Derived from matched lag columns","cumulative moving-average exposure","Linear and moving-average B-DLNM modules","Surface pressure mean from lag 0 through lag 5, recomputed by the public workflow.","Restricted at row level"
"sp_mavg6","derived","numeric","kPa","Derived from matched lag columns","cumulative moving-average exposure","Linear and moving-average B-DLNM modules","Surface pressure mean from lag 0 through lag 6, recomputed by the public workflow.","Restricted at row level"
"sp_mavg7","derived","numeric","kPa","Derived from matched lag columns","cumulative moving-average exposure","Linear and moving-average B-DLNM modules","Surface pressure mean from lag 0 through lag 7, recomputed by the public workflow.","Restricted at row level"
"sp_mavg8","derived","numeric","kPa","Derived from matched lag columns","cumulative moving-average exposure","Linear and moving-average B-DLNM modules","Surface pressure mean from lag 0 through lag 8, recomputed by the public workflow.","Restricted at row level"
"sp_mavg9","derived","numeric","kPa","Derived from matched lag columns","cumulative moving-average exposure","Linear and moving-average B-DLNM modules","Surface pressure mean from lag 0 through lag 9, recomputed by the public workflow.","Restricted at row level"
"sp_mavg10","derived","numeric","kPa","Derived from matched lag columns","cumulative moving-average exposure","Linear and moving-average B-DLNM modules","Surface pressure mean from lag 0 through lag 10, recomputed by the public workflow.","Restricted at row level"
"tp","input","numeric","mm","ERA5-Land-derived meteorology","current-day exposure","Environmental model modules","Total precipitation on the case or referent day (lag 0).","Restricted at row level"
"tp_lag1","input","numeric","mm","ERA5-Land-derived meteorology","single-day lagged exposure","Environmental model modules","Total precipitation 1 day(s) before the case or referent day.","Restricted at row level"
"tp_lag2","input","numeric","mm","ERA5-Land-derived meteorology","single-day lagged exposure","Environmental model modules","Total precipitation 2 day(s) before the case or referent day.","Restricted at row level"
"tp_lag3","input","numeric","mm","ERA5-Land-derived meteorology","single-day lagged exposure","Environmental model modules","Total precipitation 3 day(s) before the case or referent day.","Restricted at row level"
"tp_lag4","input","numeric","mm","ERA5-Land-derived meteorology","single-day lagged exposure","Environmental model modules","Total precipitation 4 day(s) before the case or referent day.","Restricted at row level"
"tp_lag5","input","numeric","mm","ERA5-Land-derived meteorology","single-day lagged exposure","Environmental model modules","Total precipitation 5 day(s) before the case or referent day.","Restricted at row level"
"tp_lag6","input","numeric","mm","ERA5-Land-derived meteorology","single-day lagged exposure","Environmental model modules","Total precipitation 6 day(s) before the case or referent day.","Restricted at row level"
"tp_lag7","input","numeric","mm","ERA5-Land-derived meteorology","single-day lagged exposure","Environmental model modules","Total precipitation 7 day(s) before the case or referent day.","Restricted at row level"
"tp_lag8","input","numeric","mm","ERA5-Land-derived meteorology","single-day lagged exposure","Environmental model modules","Total precipitation 8 day(s) before the case or referent day.","Restricted at row level"
"tp_lag9","input","numeric","mm","ERA5-Land-derived meteorology","single-day lagged exposure","Environmental model modules","Total precipitation 9 day(s) before the case or referent day.","Restricted at row level"
"tp_lag10","input","numeric","mm","ERA5-Land-derived meteorology","single-day lagged exposure","Environmental model modules","Total precipitation 10 day(s) before the case or referent day.","Restricted at row level"
"tp_mavg1","derived","numeric","mm","Derived from matched lag columns","cumulative moving-average exposure","Linear and moving-average B-DLNM modules","Total precipitation mean from lag 0 through lag 1, recomputed by the public workflow.","Restricted at row level"
"tp_mavg2","derived","numeric","mm","Derived from matched lag columns","cumulative moving-average exposure","Linear and moving-average B-DLNM modules","Total precipitation mean from lag 0 through lag 2, recomputed by the public workflow.","Restricted at row level"
"tp_mavg3","derived","numeric","mm","Derived from matched lag columns","cumulative moving-average exposure","Linear and moving-average B-DLNM modules","Total precipitation mean from lag 0 through lag 3, recomputed by the public workflow.","Restricted at row level"
"tp_mavg4","derived","numeric","mm","Derived from matched lag columns","cumulative moving-average exposure","Linear and moving-average B-DLNM modules","Total precipitation mean from lag 0 through lag 4, recomputed by the public workflow.","Restricted at row level"
"tp_mavg5","derived","numeric","mm","Derived from matched lag columns","cumulative moving-average exposure","Linear and moving-average B-DLNM modules","Total precipitation mean from lag 0 through lag 5, recomputed by the public workflow.","Restricted at row level"
"tp_mavg6","derived","numeric","mm","Derived from matched lag columns","cumulative moving-average exposure","Linear and moving-average B-DLNM modules","Total precipitation mean from lag 0 through lag 6, recomputed by the public workflow.","Restricted at row level"
"tp_mavg7","derived","numeric","mm","Derived from matched lag columns","cumulative moving-average exposure","Linear and moving-average B-DLNM modules","Total precipitation mean from lag 0 through lag 7, recomputed by the public workflow.","Restricted at row level"
"tp_mavg8","derived","numeric","mm","Derived from matched lag columns","cumulative moving-average exposure","Linear and moving-average B-DLNM modules","Total precipitation mean from lag 0 through lag 8, recomputed by the public workflow.","Restricted at row level"
"tp_mavg9","derived","numeric","mm","Derived from matched lag columns","cumulative moving-average exposure","Linear and moving-average B-DLNM modules","Total precipitation mean from lag 0 through lag 9, recomputed by the public workflow.","Restricted at row level"
"tp_mavg10","derived","numeric","mm","Derived from matched lag columns","cumulative moving-average exposure","Linear and moving-average B-DLNM modules","Total precipitation mean from lag 0 through lag 10, recomputed by the public workflow.","Restricted at row level"
"PM25","input","numeric","ug/m3","CHAP air-pollution estimates","current-day exposure","Environmental model modules","PM2.5 on the case or referent day (lag 0).","Restricted at row level"
"PM25_lag1","input","numeric","ug/m3","CHAP air-pollution estimates","single-day lagged exposure","Environmental model modules","PM2.5 1 day(s) before the case or referent day.","Restricted at row level"
"PM25_lag2","input","numeric","ug/m3","CHAP air-pollution estimates","single-day lagged exposure","Environmental model modules","PM2.5 2 day(s) before the case or referent day.","Restricted at row level"
"PM25_lag3","input","numeric","ug/m3","CHAP air-pollution estimates","single-day lagged exposure","Environmental model modules","PM2.5 3 day(s) before the case or referent day.","Restricted at row level"
"PM25_lag4","input","numeric","ug/m3","CHAP air-pollution estimates","single-day lagged exposure","Environmental model modules","PM2.5 4 day(s) before the case or referent day.","Restricted at row level"
"PM25_lag5","input","numeric","ug/m3","CHAP air-pollution estimates","single-day lagged exposure","Environmental model modules","PM2.5 5 day(s) before the case or referent day.","Restricted at row level"
"PM25_lag6","input","numeric","ug/m3","CHAP air-pollution estimates","single-day lagged exposure","Environmental model modules","PM2.5 6 day(s) before the case or referent day.","Restricted at row level"
"PM25_lag7","input","numeric","ug/m3","CHAP air-pollution estimates","single-day lagged exposure","Environmental model modules","PM2.5 7 day(s) before the case or referent day.","Restricted at row level"
"PM25_lag8","input","numeric","ug/m3","CHAP air-pollution estimates","single-day lagged exposure","Environmental model modules","PM2.5 8 day(s) before the case or referent day.","Restricted at row level"
"PM25_lag9","input","numeric","ug/m3","CHAP air-pollution estimates","single-day lagged exposure","Environmental model modules","PM2.5 9 day(s) before the case or referent day.","Restricted at row level"
"PM25_lag10","input","numeric","ug/m3","CHAP air-pollution estimates","single-day lagged exposure","Environmental model modules","PM2.5 10 day(s) before the case or referent day.","Restricted at row level"
"PM25_mavg1","derived","numeric","ug/m3","Derived from matched lag columns","cumulative moving-average exposure","Linear and moving-average B-DLNM modules","PM2.5 mean from lag 0 through lag 1, recomputed by the public workflow.","Restricted at row level"
"PM25_mavg2","derived","numeric","ug/m3","Derived from matched lag columns","cumulative moving-average exposure","Linear and moving-average B-DLNM modules","PM2.5 mean from lag 0 through lag 2, recomputed by the public workflow.","Restricted at row level"
"PM25_mavg3","derived","numeric","ug/m3","Derived from matched lag columns","cumulative moving-average exposure","Linear and moving-average B-DLNM modules","PM2.5 mean from lag 0 through lag 3, recomputed by the public workflow.","Restricted at row level"
"PM25_mavg4","derived","numeric","ug/m3","Derived from matched lag columns","cumulative moving-average exposure","Linear and moving-average B-DLNM modules","PM2.5 mean from lag 0 through lag 4, recomputed by the public workflow.","Restricted at row level"
"PM25_mavg5","derived","numeric","ug/m3","Derived from matched lag columns","cumulative moving-average exposure","Linear and moving-average B-DLNM modules","PM2.5 mean from lag 0 through lag 5, recomputed by the public workflow.","Restricted at row level"
"PM25_mavg6","derived","numeric","ug/m3","Derived from matched lag columns","cumulative moving-average exposure","Linear and moving-average B-DLNM modules","PM2.5 mean from lag 0 through lag 6, recomputed by the public workflow.","Restricted at row level"
"PM25_mavg7","derived","numeric","ug/m3","Derived from matched lag columns","cumulative moving-average exposure","Linear and moving-average B-DLNM modules","PM2.5 mean from lag 0 through lag 7, recomputed by the public workflow.","Restricted at row level"
"PM25_mavg8","derived","numeric","ug/m3","Derived from matched lag columns","cumulative moving-average exposure","Linear and moving-average B-DLNM modules","PM2.5 mean from lag 0 through lag 8, recomputed by the public workflow.","Restricted at row level"
"PM25_mavg9","derived","numeric","ug/m3","Derived from matched lag columns","cumulative moving-average exposure","Linear and moving-average B-DLNM modules","PM2.5 mean from lag 0 through lag 9, recomputed by the public workflow.","Restricted at row level"
"PM25_mavg10","derived","numeric","ug/m3","Derived from matched lag columns","cumulative moving-average exposure","Linear and moving-average B-DLNM modules","PM2.5 mean from lag 0 through lag 10, recomputed by the public workflow.","Restricted at row level"
"PM10","input","numeric","ug/m3","CHAP air-pollution estimates","current-day exposure","Environmental model modules","PM10 on the case or referent day (lag 0).","Restricted at row level"
"PM10_lag1","input","numeric","ug/m3","CHAP air-pollution estimates","single-day lagged exposure","Environmental model modules","PM10 1 day(s) before the case or referent day.","Restricted at row level"
"PM10_lag2","input","numeric","ug/m3","CHAP air-pollution estimates","single-day lagged exposure","Environmental model modules","PM10 2 day(s) before the case or referent day.","Restricted at row level"
"PM10_lag3","input","numeric","ug/m3","CHAP air-pollution estimates","single-day lagged exposure","Environmental model modules","PM10 3 day(s) before the case or referent day.","Restricted at row level"
"PM10_lag4","input","numeric","ug/m3","CHAP air-pollution estimates","single-day lagged exposure","Environmental model modules","PM10 4 day(s) before the case or referent day.","Restricted at row level"
"PM10_lag5","input","numeric","ug/m3","CHAP air-pollution estimates","single-day lagged exposure","Environmental model modules","PM10 5 day(s) before the case or referent day.","Restricted at row level"
"PM10_lag6","input","numeric","ug/m3","CHAP air-pollution estimates","single-day lagged exposure","Environmental model modules","PM10 6 day(s) before the case or referent day.","Restricted at row level"
"PM10_lag7","input","numeric","ug/m3","CHAP air-pollution estimates","single-day lagged exposure","Environmental model modules","PM10 7 day(s) before the case or referent day.","Restricted at row level"
"PM10_lag8","input","numeric","ug/m3","CHAP air-pollution estimates","single-day lagged exposure","Environmental model modules","PM10 8 day(s) before the case or referent day.","Restricted at row level"
"PM10_lag9","input","numeric","ug/m3","CHAP air-pollution estimates","single-day lagged exposure","Environmental model modules","PM10 9 day(s) before the case or referent day.","Restricted at row level"
"PM10_lag10","input","numeric","ug/m3","CHAP air-pollution estimates","single-day lagged exposure","Environmental model modules","PM10 10 day(s) before the case or referent day.","Restricted at row level"
"PM10_mavg1","derived","numeric","ug/m3","Derived from matched lag columns","cumulative moving-average exposure","Linear and moving-average B-DLNM modules","PM10 mean from lag 0 through lag 1, recomputed by the public workflow.","Restricted at row level"
"PM10_mavg2","derived","numeric","ug/m3","Derived from matched lag columns","cumulative moving-average exposure","Linear and moving-average B-DLNM modules","PM10 mean from lag 0 through lag 2, recomputed by the public workflow.","Restricted at row level"
"PM10_mavg3","derived","numeric","ug/m3","Derived from matched lag columns","cumulative moving-average exposure","Linear and moving-average B-DLNM modules","PM10 mean from lag 0 through lag 3, recomputed by the public workflow.","Restricted at row level"
"PM10_mavg4","derived","numeric","ug/m3","Derived from matched lag columns","cumulative moving-average exposure","Linear and moving-average B-DLNM modules","PM10 mean from lag 0 through lag 4, recomputed by the public workflow.","Restricted at row level"
"PM10_mavg5","derived","numeric","ug/m3","Derived from matched lag columns","cumulative moving-average exposure","Linear and moving-average B-DLNM modules","PM10 mean from lag 0 through lag 5, recomputed by the public workflow.","Restricted at row level"
"PM10_mavg6","derived","numeric","ug/m3","Derived from matched lag columns","cumulative moving-average exposure","Linear and moving-average B-DLNM modules","PM10 mean from lag 0 through lag 6, recomputed by the public workflow.","Restricted at row level"
"PM10_mavg7","derived","numeric","ug/m3","Derived from matched lag columns","cumulative moving-average exposure","Linear and moving-average B-DLNM modules","PM10 mean from lag 0 through lag 7, recomputed by the public workflow.","Restricted at row level"
"PM10_mavg8","derived","numeric","ug/m3","Derived from matched lag columns","cumulative moving-average exposure","Linear and moving-average B-DLNM modules","PM10 mean from lag 0 through lag 8, recomputed by the public workflow.","Restricted at row level"
"PM10_mavg9","derived","numeric","ug/m3","Derived from matched lag columns","cumulative moving-average exposure","Linear and moving-average B-DLNM modules","PM10 mean from lag 0 through lag 9, recomputed by the public workflow.","Restricted at row level"
"PM10_mavg10","derived","numeric","ug/m3","Derived from matched lag columns","cumulative moving-average exposure","Linear and moving-average B-DLNM modules","PM10 mean from lag 0 through lag 10, recomputed by the public workflow.","Restricted at row level"
"O3","input","numeric","ug/m3","CHAP air-pollution estimates","current-day exposure","Environmental model modules","O3 on the case or referent day (lag 0).","Restricted at row level"
"O3_lag1","input","numeric","ug/m3","CHAP air-pollution estimates","single-day lagged exposure","Environmental model modules","O3 1 day(s) before the case or referent day.","Restricted at row level"
"O3_lag2","input","numeric","ug/m3","CHAP air-pollution estimates","single-day lagged exposure","Environmental model modules","O3 2 day(s) before the case or referent day.","Restricted at row level"
"O3_lag3","input","numeric","ug/m3","CHAP air-pollution estimates","single-day lagged exposure","Environmental model modules","O3 3 day(s) before the case or referent day.","Restricted at row level"
"O3_lag4","input","numeric","ug/m3","CHAP air-pollution estimates","single-day lagged exposure","Environmental model modules","O3 4 day(s) before the case or referent day.","Restricted at row level"
"O3_lag5","input","numeric","ug/m3","CHAP air-pollution estimates","single-day lagged exposure","Environmental model modules","O3 5 day(s) before the case or referent day.","Restricted at row level"
"O3_lag6","input","numeric","ug/m3","CHAP air-pollution estimates","single-day lagged exposure","Environmental model modules","O3 6 day(s) before the case or referent day.","Restricted at row level"
"O3_lag7","input","numeric","ug/m3","CHAP air-pollution estimates","single-day lagged exposure","Environmental model modules","O3 7 day(s) before the case or referent day.","Restricted at row level"
"O3_lag8","input","numeric","ug/m3","CHAP air-pollution estimates","single-day lagged exposure","Environmental model modules","O3 8 day(s) before the case or referent day.","Restricted at row level"
"O3_lag9","input","numeric","ug/m3","CHAP air-pollution estimates","single-day lagged exposure","Environmental model modules","O3 9 day(s) before the case or referent day.","Restricted at row level"
"O3_lag10","input","numeric","ug/m3","CHAP air-pollution estimates","single-day lagged exposure","Environmental model modules","O3 10 day(s) before the case or referent day.","Restricted at row level"
"O3_mavg1","derived","numeric","ug/m3","Derived from matched lag columns","cumulative moving-average exposure","Linear and moving-average B-DLNM modules","O3 mean from lag 0 through lag 1, recomputed by the public workflow.","Restricted at row level"
"O3_mavg2","derived","numeric","ug/m3","Derived from matched lag columns","cumulative moving-average exposure","Linear and moving-average B-DLNM modules","O3 mean from lag 0 through lag 2, recomputed by the public workflow.","Restricted at row level"
"O3_mavg3","derived","numeric","ug/m3","Derived from matched lag columns","cumulative moving-average exposure","Linear and moving-average B-DLNM modules","O3 mean from lag 0 through lag 3, recomputed by the public workflow.","Restricted at row level"
"O3_mavg4","derived","numeric","ug/m3","Derived from matched lag columns","cumulative moving-average exposure","Linear and moving-average B-DLNM modules","O3 mean from lag 0 through lag 4, recomputed by the public workflow.","Restricted at row level"
"O3_mavg5","derived","numeric","ug/m3","Derived from matched lag columns","cumulative moving-average exposure","Linear and moving-average B-DLNM modules","O3 mean from lag 0 through lag 5, recomputed by the public workflow.","Restricted at row level"
"O3_mavg6","derived","numeric","ug/m3","Derived from matched lag columns","cumulative moving-average exposure","Linear and moving-average B-DLNM modules","O3 mean from lag 0 through lag 6, recomputed by the public workflow.","Restricted at row level"
"O3_mavg7","derived","numeric","ug/m3","Derived from matched lag columns","cumulative moving-average exposure","Linear and moving-average B-DLNM modules","O3 mean from lag 0 through lag 7, recomputed by the public workflow.","Restricted at row level"
"O3_mavg8","derived","numeric","ug/m3","Derived from matched lag columns","cumulative moving-average exposure","Linear and moving-average B-DLNM modules","O3 mean from lag 0 through lag 8, recomputed by the public workflow.","Restricted at row level"
"O3_mavg9","derived","numeric","ug/m3","Derived from matched lag columns","cumulative moving-average exposure","Linear and moving-average B-DLNM modules","O3 mean from lag 0 through lag 9, recomputed by the public workflow.","Restricted at row level"
"O3_mavg10","derived","numeric","ug/m3","Derived from matched lag columns","cumulative moving-average exposure","Linear and moving-average B-DLNM modules","O3 mean from lag 0 through lag 10, recomputed by the public workflow.","Restricted at row level"
