variable,exposure,exposure_type,window,term,coefficient,coefficient_sd,RR,lower_95_CrI,upper_95_CrI,n_rows,n_strata,DIC,WAIC,pc_prior_U,pc_prior_alpha,elapsed_seconds,model_key,specification_order,status,error_message
t2m,Temperature,lag,0,t2m,0.00177009914886658,0.000702227956489408,1.00177166669914,1.00039317705084,1.0031520558479,128557,29147,144784.357484382,144783.134360945,3,0.01,7.81,t2m__lag__00,1,ok,
t2m,Temperature,lag,1,t2m_lag1,0.00119316156930691,0.000704209750436704,1.00119387366976,0.999812293712005,1.00257736275646,128557,29147,144787.87400815,144786.64935141,3,0.01,6.64,t2m__lag__01,2,ok,
t2m,Temperature,lag,2,t2m_lag2,0.000583321939200028,0.000706784086369755,1.00058349210453,0.999197710449212,1.00197119569457,128557,29147,144790.094766619,144788.869841847,3,0.01,6.38,t2m__lag__02,3,ok,
t2m,Temperature,lag,3,t2m_lag3,0.000100979666910518,0.000710338880717479,1.00010098476553,0.99870890974468,1.00149500016308,128557,29147,144790.778939248,144789.554896996,3,0.01,6.17,t2m__lag__03,4,ok,
t2m,Temperature,lag,4,t2m_lag4,-0.000277132354258224,0.000713519820373885,0.999722906043366,0.99832513020237,1.00112263893541,128557,29147,144790.666296187,144789.445774433,3,0.01,6.93,t2m__lag__04,5,ok,
t2m,Temperature,lag,5,t2m_lag5,-0.000467244172506354,0.000717453600878956,0.999532864969053,0.998127655495488,1.00094005275492,128557,29147,144790.402168302,144789.182996534,3,0.01,6.6,t2m__lag__05,6,ok,
t2m,Temperature,lag,6,t2m_lag6,-0.000679572459469118,0.000720067659278483,0.999320658397597,0.997910632044646,1.00073267708021,128557,29147,144789.945900428,144788.727396922,3,0.01,6.43,t2m__lag__06,7,ok,
t2m,Temperature,lag,7,t2m_lag7,-0.00058134577825398,0.000721770174406363,0.999418823170462,0.998005326499068,1.00083432180119,128557,29147,144790.182948305,144788.966935588,3,0.01,6.56,t2m__lag__07,8,ok,
t2m,Temperature,lag,8,t2m_lag8,-8.78032991455065e-05,0.000723630296948646,0.999912200555451,0.998494364062271,1.00133205033682,128557,29147,144790.793376446,144789.577986849,3,0.01,6.42000000000001,t2m__lag__08,9,ok,
t2m,Temperature,lag,9,t2m_lag9,-7.37288083408488e-05,0.000726702765894377,0.999926273909561,0.998502401658511,1.00135217660991,128557,29147,144790.797152136,144789.583659006,3,0.01,6.40000000000001,t2m__lag__09,10,ok,
t2m,Temperature,lag,10,t2m_lag10,-0.000352265275119156,0.000729630458149846,0.999647796763008,0.99821859035261,1.00107904944436,128557,29147,144790.587708212,144789.374088676,3,0.01,6.66,t2m__lag__10,11,ok,
t2m,Temperature,mavg,1,t2m_mavg1,0.001509853841611,0.000709679196654422,1.0015109942448,1.0001182503165,1.00290567769044,128557,29147,144786.200751065,144784.977032638,3,0.01,6.2,t2m__mavg__01,12,ok,
t2m,Temperature,mavg,2,t2m_mavg2,0.00122620618322537,0.000716554612698811,1.00122695828141,0.999821129656014,1.00263476362294,128557,29147,144787.814580442,144786.590551145,3,0.01,6.18000000000001,t2m__mavg__02,13,ok,
t2m,Temperature,mavg,3,t2m_mavg3,0.000962532020815179,0.000722947346609088,1.00096299540342,0.999545007516583,1.00238299490141,128557,29147,144788.984252805,144787.76037652,3,0.01,6.42,t2m__mavg__03,14,ok,
t2m,Temperature,mavg,4,t2m_mavg4,0.000724980882640273,0.000728808841681652,1.0007252437448,0.999296106875487,1.00215642448923,128557,29147,144789.779358161,144788.556163765,3,0.01,6.22,t2m__mavg__04,15,ok,
t2m,Temperature,mavg,5,t2m_mavg5,0.000531809655110018,0.000734236634998032,1.00053195109094,0.999092456500604,1.00197351971084,128557,29147,144790.253760502,144789.031317552,3,0.01,6.56,t2m__mavg__05,16,ok,
t2m,Temperature,mavg,6,t2m_mavg6,0.000359816228480575,0.00073914166578434,1.0003598809701,0.998911026090256,1.00181083731995,128557,29147,144790.549722864,144789.32805796,3,0.01,6.70999999999999,t2m__mavg__06,17,ok,
t2m,Temperature,mavg,7,t2m_mavg7,0.000241528023060002,0.000743488708824706,1.0002415571933,0.998784359890895,1.00170088050413,128557,29147,144790.68684865,144789.466224911,3,0.01,6.92,t2m__mavg__07,18,ok,
t2m,Temperature,mavg,8,t2m_mavg8,0.000206534331486467,0.000747375135383873,1.00020655566117,0.998741798012946,1.0016734615268,128557,29147,144790.717687635,144789.497714407,3,0.01,6.43000000000001,t2m__mavg__08,19,ok,
t2m,Temperature,mavg,9,t2m_mavg9,0.000179785374434536,0.000750947399433179,1.00017980153679,0.998708087238227,1.00165368457932,128557,29147,144790.738009956,144789.518603424,3,0.01,6.38,t2m__mavg__09,20,ok,
t2m,Temperature,mavg,10,t2m_mavg10,0.000130702372570398,0.000754342431707901,1.0001307109145,0.998652420477601,1.00161118964153,128557,29147,144790.767645999,144789.54863074,3,0.01,6.39000000000002,t2m__mavg__10,21,ok,
rh,Relative humidity,lag,0,rh,0.000222952428694108,0.000488722516984382,1.00022297728443,0.999264886385048,1.00118198682536,128557,29147,144790.549002176,144789.330754933,3,0.01,6.59,rh__lag__00,22,ok,
rh,Relative humidity,lag,1,rh_lag1,3.91641763549841e-05,0.000489057033332945,1.00003916494328,0.999080594763143,1.00099865485404,128557,29147,144790.788146219,144789.578107294,3,0.01,6.45000000000002,rh__lag__01,23,ok,
rh,Relative humidity,lag,2,rh_lag2,-0.000725644428874761,0.000486398466017425,0.999274618787373,0.998321985874941,1.00022816076245,128557,29147,144788.723933444,144787.504992847,3,0.01,6.46000000000001,rh__lag__02,24,ok,
rh,Relative humidity,lag,3,rh_lag3,-0.00130190112202406,0.000485291594663579,0.998698945983586,0.997749027450768,0.999649768924586,128557,29147,144783.87730516,144782.651417476,3,0.01,6.39000000000002,rh__lag__03,25,ok,
rh,Relative humidity,lag,4,rh_lag4,-0.00134604795120505,0.000485396835450219,0.998654857565004,0.997704775073983,0.999605844816438,128557,29147,144783.394748491,144782.1707697,3,0.01,6.36000000000001,rh__lag__04,26,ok,
rh,Relative humidity,lag,5,rh_lag5,-0.00103818624695012,0.000485965400416537,0.998962352481942,0.998010864769523,0.999914747354936,128557,29147,144786.452131245,144785.233566481,3,0.01,6.56999999999999,rh__lag__05,27,ok,
rh,Relative humidity,lag,6,rh_lag6,-0.000954437442955984,0.000483978795409584,0.999046017887587,0.998098338605356,0.999994597003564,128557,29147,144787.10837627,144785.894717465,3,0.01,6.38999999999999,rh__lag__06,28,ok,
rh,Relative humidity,lag,7,rh_lag7,-0.000630273553803182,0.000485930613263422,0.999369925026851,0.998418117217243,1.00032264023652,128557,29147,144789.246877372,144788.029477378,3,0.01,6.34,rh__lag__07,29,ok,
rh,Relative humidity,lag,8,rh_lag8,-0.000568355804234483,0.000486384939376205,0.999431805679331,0.998479049400712,1.00038547111274,128557,29147,144789.551199275,144788.335429044,3,0.01,6.45000000000002,rh__lag__08,30,ok,
rh,Relative humidity,lag,9,rh_lag9,-0.000463504137232375,0.000485019387385951,0.999536603264216,0.998586421006338,1.00048768967556,128557,29147,144789.982268015,144788.768404238,3,0.01,6.38999999999999,rh__lag__09,31,ok,
rh,Relative humidity,lag,10,rh_lag10,-0.000441397601776391,0.000485973996319018,0.999558699799814,0.99860662724986,1.00051168008645,128557,29147,144790.065947351,144788.848002383,3,0.01,6.36000000000001,rh__lag__10,32,ok,
rh,Relative humidity,mavg,1,rh_mavg1,0.000153867934407734,0.000529852442665716,1.00015387977269,0.999115271461371,1.00119356777649,128557,29147,144790.686252228,144789.474271726,3,0.01,6.37000000000001,rh__mavg__01,33,ok,
rh,Relative humidity,mavg,2,rh_mavg2,-0.000208012596809683,0.000563206623838999,0.99979200903631,0.998688455912936,1.00089678161999,128557,29147,144790.70755059,144789.49540984,3,0.01,6.38,rh__mavg__02,34,ok,
rh,Relative humidity,mavg,3,rh_mavg3,-0.000653867641374802,0.000590893487681312,0.999346346083486,0.998189090526843,1.00050494334263,128557,29147,144789.710089301,144788.494268639,3,0.01,6.75,rh__mavg__03,35,ok,
rh,Relative humidity,mavg,4,rh_mavg4,-0.000998700288763074,0.000614828870963576,0.999001798246394,0.997798109014535,1.00020693957646,128557,29147,144788.367555211,144787.14780554,3,0.01,6.63999999999999,rh__mavg__04,36,ok,
rh,Relative humidity,mavg,5,rh_mavg5,-0.00118753602435989,0.000635922378588986,0.998813168817509,0.997568444308975,1.0000594464756,128557,29147,144787.558685721,144786.338142736,3,0.01,6.40000000000001,rh__mavg__05,37,ok,
rh,Relative humidity,mavg,6,rh_mavg6,-0.00132883560367396,0.000654561227360094,0.99867204690741,0.997391044020355,0.999954695090027,128557,29147,144786.954585521,144785.734206451,3,0.01,8.75999999999999,rh__mavg__06,38,ok,
rh,Relative humidity,mavg,7,rh_mavg7,-0.00137701589975828,0.000672018448879106,0.998623931751609,0.99730885024136,0.999940747403714,128557,29147,144786.88707699,144785.666017714,3,0.01,8.01999999999998,rh__mavg__07,39,ok,
rh,Relative humidity,mavg,8,rh_mavg8,-0.00141135712733858,0.000688339215604747,0.998589638368743,0.99724268634759,0.999938409722891,128557,29147,144786.888594417,144785.667317224,3,0.01,8.31,rh__mavg__08,40,ok,
rh,Relative humidity,mavg,9,rh_mavg9,-0.00142473683661755,0.000703470954802879,0.998576277619075,0.997199754429914,0.999954700983465,128557,29147,144786.99319431,144785.7722744,3,0.01,7.85999999999996,rh__mavg__09,41,ok,
rh,Relative humidity,mavg,10,rh_mavg10,-0.00143453152475762,0.000717296247718278,0.998566496923751,0.997162953735549,0.999972015689869,128557,29147,144787.09693488,144785.876613221,3,0.01,7.90000000000003,rh__mavg__10,42,ok,
ssr,Solar radiation,lag,0,ssr,0.00198211849571872,0.000804189105226341,1.00198408419112,1.00040526551764,1.00356539452919,128557,29147,144784.654305942,144783.433701921,3,0.01,6.67999999999995,ssr__lag__00,43,ok,
ssr,Solar radiation,lag,1,ssr_lag1,0.00135285117827698,0.000804362817957311,1.00135376669424,0.999775600648682,1.00293442390986,128557,29147,144787.923354413,144786.701608988,3,0.01,6.19999999999999,ssr__lag__01,44,ok,
ssr,Solar radiation,lag,2,ssr_lag2,0.000900336219790533,0.000801469794709199,1.00090074164411,0.999328958688479,1.00247499676114,128557,29147,144789.50732802,144788.284619972,3,0.01,6.28000000000003,ssr__lag__02,45,ok,
ssr,Solar radiation,lag,3,ssr_lag3,0.00187009354999785,0.000800292587586817,1.00187184326548,1.00030084440178,1.00344530942731,128557,29147,144785.273281172,144784.050175552,3,0.01,6.19,ssr__lag__03,46,ok,
ssr,Solar radiation,lag,4,ssr_lag4,0.00110972222737743,0.00080317259532577,1.00111033819692,0.999534888622727,1.00268827097014,128557,29147,144788.852416631,144787.635942971,3,0.01,6.21999999999997,ssr__lag__04,47,ok,
ssr,Solar radiation,lag,5,ssr_lag5,9.29133058143251e-05,0.000806335391918687,1.00009291762239,0.998512876437738,1.0016754590563,128557,29147,144790.787130743,144789.572066274,3,0.01,6.31,ssr__lag__05,48,ok,
ssr,Solar radiation,lag,6,ssr_lag6,-0.000697999281623851,0.000807137774124376,0.999302244263207,0.997721882449666,1.00088510932283,128557,29147,144790.08322589,144788.87417174,3,0.01,6.17000000000002,ssr__lag__06,49,ok,
ssr,Solar radiation,lag,7,ssr_lag7,-0.000498988943475992,0.000806625875127364,0.999501135530802,0.997921460873858,1.00108331075717,128557,29147,144790.440869774,144789.231349832,3,0.01,6.26999999999998,ssr__lag__07,50,ok,
ssr,Solar radiation,lag,8,ssr_lag8,0.000408187743429651,0.000808633629098201,1.00040827106338,0.998823230331061,1.00199582710977,128557,29147,144790.533234017,144789.318431559,3,0.01,6.19999999999999,ssr__lag__08,51,ok,
ssr,Solar radiation,lag,9,ssr_lag9,0.00129370351988211,0.000807114033541106,1.00129454071527,0.999711074693571,1.0028805148263,128557,29147,144788.184920914,144786.971530706,3,0.01,6.25,ssr__lag__09,52,ok,
ssr,Solar radiation,lag,10,ssr_lag10,0.00030067293654175,0.000807111526622895,1.00030071814318,0.998718828679397,1.00188511318871,128557,29147,144790.653375709,144789.439262736,3,0.01,6.24000000000001,ssr__lag__10,53,ok,
ssr,Solar radiation,mavg,1,ssr_mavg1,0.00205475297579338,0.000892599436456747,1.0020568654273,1.00030450035963,1.0038123003502,128557,29147,144785.42758018,144784.205411948,3,0.01,6.25,ssr__mavg__01,54,ok,
ssr,Solar radiation,mavg,2,ssr_mavg2,0.00200954899452102,0.000958660673657257,1.0020115694913,1.00012971890583,1.00389696098577,128557,29147,144786.333672627,144785.10840328,3,0.01,6.19999999999999,ssr__mavg__02,55,ok,
ssr,Solar radiation,mavg,3,ssr_mavg3,0.00242650817532006,0.0010118049139944,1.00242945452892,1.00044255698952,1.00442029809228,128557,29147,144784.961293423,144783.734225246,3,0.01,6.35000000000002,ssr__mavg__03,56,ok,
ssr,Solar radiation,mavg,4,ssr_mavg4,0.0025045438853381,0.00105737738922962,1.00250768287541,1.00043122464719,1.00458845093386,128557,29147,144785.098817733,144783.871917693,3,0.01,6.25,ssr__mavg__04,57,ok,
ssr,Solar radiation,mavg,5,ssr_mavg5,0.00227624048414888,0.00109738266140545,1.00227883308628,1.0001243896601,1.00443791757193,128557,29147,144786.414622922,144785.189172201,3,0.01,6.26000000000005,ssr__mavg__05,58,ok,
ssr,Solar radiation,mavg,6,ssr_mavg6,0.00188191422945076,0.00113274682653006,1.00188368614139,0.999660767601231,1.00411154773515,128557,29147,144787.971456645,144786.748165131,3,0.01,6.21999999999997,ssr__mavg__06,59,ok,
ssr,Solar radiation,mavg,7,ssr_mavg7,0.00160787339200065,0.00116370163485156,1.0016091667135,0.999326197009429,1.00389735189213,128557,29147,144788.832845716,144787.611406002,3,0.01,6.22000000000003,ssr__mavg__07,60,ok,
ssr,Solar radiation,mavg,8,ssr_mavg8,0.00159743428362484,0.0011917325616152,1.00159871086143,0.999260838241262,1.00394205318295,128557,29147,144788.945522839,144787.725594884,3,0.01,6.28999999999996,ssr__mavg__08,61,ok,
ssr,Solar radiation,mavg,9,ssr_mavg9,0.00178799723485674,0.00121515270234039,1.00178959665502,0.999405380161315,1.00417950102982,128557,29147,144788.569871639,144787.350600251,3,0.01,6.31,ssr__mavg__09,62,ok,
ssr,Solar radiation,mavg,10,ssr_mavg10,0.00174542902040273,0.00123585319208922,1.00174695316827,0.999322273243061,1.00417751616304,128557,29147,144788.741815961,144787.523833366,3,0.01,6.11000000000001,ssr__mavg__10,63,ok,
uv,Wind speed,lag,0,uv,-0.0221322383222569,0.00519403526437788,0.978110882756616,0.968199394975846,0.988123834708227,128557,29147,144772.643486593,144771.434371241,3,0.01,6.19,uv__lag__00,64,ok,
uv,Wind speed,lag,1,uv_lag1,-0.0178222559819627,0.00517053301146912,0.982335621122146,0.972426136621181,0.992346087958334,128557,29147,144778.95905119,144777.745873305,3,0.01,6.06999999999999,uv__lag__01,65,ok,
uv,Wind speed,lag,2,uv_lag2,-0.0159381261421947,0.00514682430488682,0.984188213692991,0.974305335653394,0.994171338811617,128557,29147,144781.258759596,144780.043401466,3,0.01,6.22000000000003,uv__lag__02,66,ok,
uv,Wind speed,lag,3,uv_lag3,-0.0233371253651326,0.00518850852778522,0.976933079330021,0.96704400675516,0.986923278353549,128557,29147,144770.55005825,144769.339837418,3,0.01,6.44999999999999,uv__lag__03,67,ok,
uv,Wind speed,lag,4,uv_lag4,-0.006563869011046,0.00513719031235605,0.993457626121027,0.983500247274227,1.00351581773971,128557,29147,144789.208300899,144787.990079999,3,0.01,6.17000000000002,uv__lag__04,68,ok,
uv,Wind speed,lag,5,uv_lag5,-0.00797852229207276,0.00512204972686796,0.992053221637592,0.982139077544965,1.00206744345016,128557,29147,144788.419896078,144787.20050609,3,0.01,6.20000000000005,uv__lag__05,69,ok,
uv,Wind speed,lag,6,uv_lag6,-0.000437247607971177,0.00513194271029769,0.999562847970833,0.989554459266233,1.00967246186918,128557,29147,144790.799461271,144789.584820094,3,0.01,6.29000000000002,uv__lag__06,70,ok,
uv,Wind speed,lag,7,uv_lag7,0.00669853280698727,0.00513667241717434,1.00672101815612,0.996631713084786,1.01691246134179,128557,29147,144789.065248349,144787.861675133,3,0.01,6.22999999999996,uv__lag__07,71,ok,
uv,Wind speed,lag,8,uv_lag8,-0.00337407560587519,0.00515998434755503,0.996631610190655,0.986598319842076,1.00676693489027,128557,29147,144790.397108675,144789.192681778,3,0.01,6.20999999999998,uv__lag__08,72,ok,
uv,Wind speed,lag,9,uv_lag9,-0.00431375793406309,0.0051608863792334,0.995695532955343,0.985669922835912,1.0058231172369,128557,29147,144790.131211709,144788.916161875,3,0.01,6.16000000000003,uv__lag__09,73,ok,
uv,Wind speed,lag,10,uv_lag10,0.00698161766417758,0.00513256428788502,1.0070060459734,0.996921915182141,1.01719218045789,128557,29147,144788.914335247,144787.70243475,3,0.01,6.61000000000001,uv__lag__10,74,ok,
uv,Wind speed,mavg,1,uv_mavg1,-0.0264681615459451,0.00596853598082403,0.973879050145329,0.962547494891327,0.98534400566446,128557,29147,144771.149450623,144769.938600137,3,0.01,6.31000000000006,uv__mavg__01,75,ok,
uv,Wind speed,mavg,2,uv_mavg2,-0.0298368982039048,0.00654705555847152,0.970603827866735,0.958222738025244,0.983144892328261,128557,29147,144770.069138241,144768.853160661,3,0.01,6.18000000000006,uv__mavg__02,76,ok,
uv,Wind speed,mavg,3,uv_mavg3,-0.0365019027670064,0.00702642009591496,0.964156259329859,0.950963102545823,0.977532450858852,128557,29147,144763.845478222,144762.62753586,3,0.01,6.31000000000006,uv__mavg__03,77,ok,
uv,Wind speed,mavg,4,uv_mavg4,-0.0352481675422707,0.00740836363889359,0.965365814066584,0.951443252598154,0.979492105615392,128557,29147,144768.246572556,144767.024758379,3,0.01,6.20000000000005,uv__mavg__04,78,ok,
uv,Wind speed,mavg,5,uv_mavg5,-0.0349907446495019,0.00772378538596015,0.965614353315494,0.951099759991597,0.980350451581872,128557,29147,144770.387961697,144769.162297601,3,0.01,6.25,uv__mavg__05,79,ok,
uv,Wind speed,mavg,6,uv_mavg6,-0.0323308304388628,0.00799478759850824,0.968186223616694,0.953126337321189,0.983484063726715,128557,29147,144774.574850286,144773.349059543,3,0.01,6.12000000000001,uv__mavg__06,80,ok,
uv,Wind speed,mavg,7,uv_mavg7,-0.027878204926772,0.00822971358252876,0.972506806126104,0.956938783041721,0.988328098511413,128557,29147,144779.453602209,144778.230461527,3,0.01,6.34000000000003,uv__mavg__07,81,ok,
uv,Wind speed,mavg,8,uv_mavg8,-0.0271145010604979,0.00844495757032641,0.973249797010314,0.957265759562367,0.989500729328887,128557,29147,144780.622727569,144779.400175961,3,0.01,6.27999999999997,uv__mavg__08,82,ok,
uv,Wind speed,mavg,9,uv_mavg9,-0.026680515266924,0.00862638172831754,0.973672265261794,0.957340650359496,0.9902824868539,128557,29147,144781.367202621,144780.145883362,3,0.01,6.41999999999996,uv__mavg__09,83,ok,
uv,Wind speed,mavg,10,uv_mavg10,-0.0233148181403557,0.00878498855430447,0.976954872238882,0.960269495440092,0.993930169398094,128557,29147,144783.876998906,144782.657388366,3,0.01,6.36000000000001,uv__mavg__10,84,ok,
sp,Surface pressure,lag,0,sp,-0.0021741191583241,0.00205325820526074,0.997828242526895,0.993818827685764,1.00185383279389,128557,29147,144790.174581758,144788.959651912,3,0.01,6.27999999999997,sp__lag__00,85,ok,
sp,Surface pressure,lag,1,sp_lag1,-0.00129353657043825,0.00205920574936575,0.998707299687376,0.99468275207635,1.00274813091155,128557,29147,144790.677608445,144789.467852121,3,0.01,6.19999999999993,sp__lag__01,86,ok,
sp,Surface pressure,lag,2,sp_lag2,-0.000161218814597276,0.00206656230318514,0.999838794180457,0.995795322005593,1.00389868511487,128557,29147,144790.75991822,144789.555403137,3,0.01,6.13,sp__lag__02,87,ok,
sp,Surface pressure,lag,3,sp_lag3,0.0003686862345808,0.00207081895208031,1.0003687542077,0.996314822669152,1.0044391809553,128557,29147,144790.582666767,144789.380544663,3,0.01,6.34000000000003,sp__lag__03,88,ok,
sp,Surface pressure,lag,4,sp_lag4,0.000267987482652114,0.00207110484416951,1.00026802339451,0.996213941576598,1.00433860331302,128557,29147,144790.626766604,144789.42440231,3,0.01,6.22000000000003,sp__lag__04,89,ok,
sp,Surface pressure,lag,5,sp_lag5,0.000336610336228495,0.00207253129412799,1.00033666699584,0.996279520241845,1.00441033571825,128557,29147,144790.597138337,144789.395265917,3,0.01,6.15000000000009,sp__lag__05,90,ok,
sp,Surface pressure,lag,6,sp_lag6,0.000665121829825988,0.0020749962974525,1.0006653430724,0.99660204606737,1.00474520681502,128557,29147,144790.424083812,144789.224780265,3,0.01,6.16999999999996,sp__lag__06,91,ok,
sp,Surface pressure,lag,7,sp_lag7,0.000437214154300011,0.00207404573175545,1.00043730974634,0.996376795901235,1.00451437138027,128557,29147,144790.549623281,144789.349191015,3,0.01,6.33999999999992,sp__lag__07,92,ok,
sp,Surface pressure,lag,8,sp_lag8,-0.000247825195265921,0.00206993045076199,0.999752205510861,0.995702507268405,1.00381837464726,128557,29147,144790.775548188,144789.571404483,3,0.01,6.23000000000002,sp__lag__08,93,ok,
sp,Surface pressure,lag,9,sp_lag9,-0.00020522165276436,0.00207045940397694,0.999794799403759,0.99574389581539,1.00386218300731,128557,29147,144790.768130408,144789.564105853,3,0.01,6.24000000000001,sp__lag__09,94,ok,
sp,Surface pressure,lag,10,sp_lag10,0.000130933663063688,0.00207327133850661,1.00013094223525,0.996073184397854,1.0042052304384,128557,29147,144790.678714402,144789.47634063,3,0.01,6.14999999999998,sp__lag__10,95,ok,
sp,Surface pressure,mavg,1,sp_mavg1,-0.00173941806658855,0.00205910729849572,0.998262093844275,0.994239532242314,1.00230093023905,128557,29147,144790.473000003,144789.260660722,3,0.01,6.19000000000006,sp__mavg__01,96,ok,
sp,Surface pressure,mavg,2,sp_mavg2,-0.00121879130649397,0.00206543597887853,0.99878195111798,0.994744949943822,1.0028353358129,128557,29147,144790.703953662,144789.494289906,3,0.01,6.17000000000007,sp__mavg__02,97,ok,
sp,Surface pressure,mavg,3,sp_mavg3,-0.00082513557374812,0.00207065882621516,0.999175204756997,0.995126422458033,1.00324046002617,128557,29147,144790.788759253,144789.58103918,3,0.01,6.22000000000003,sp__mavg__03,98,ok,
sp,Surface pressure,mavg,4,sp_mavg4,-0.000608113660675651,0.00207439381315146,0.999392071202962,0.995335120334732,1.00346555811187,128557,29147,144790.802725765,144789.596109716,3,0.01,6.38,sp__mavg__04,99,ok,
sp,Surface pressure,mavg,5,sp_mavg5,-0.000451461243759818,0.00207742018508529,0.999548640649533,0.995485146561303,1.00362872166256,128557,29147,144790.798375226,144789.592612701,3,0.01,6.19000000000006,sp__mavg__05,100,ok,
sp,Surface pressure,mavg,6,sp_mavg6,-0.000291999228817738,0.00208015770792007,0.999708043398808,0.995638556673819,1.00379416344581,128557,29147,144790.781628669,144789.576860502,3,0.01,6.22000000000003,sp__mavg__06,101,ok,
sp,Surface pressure,mavg,7,sp_mavg7,-0.000200710446148336,0.00208223323097199,0.999799309694846,0.995725398948899,1.00388988849421,128557,29147,144790.766438527,144789.562288501,3,0.01,6.30999999999995,sp__mavg__07,102,ok,
sp,Surface pressure,mavg,8,sp_mavg8,-0.000206474770403565,0.00208344008156297,0.999793546544045,0.99571730289934,1.00388647747298,128557,29147,144790.767413451,144789.563294178,3,0.01,6.13999999999999,sp__mavg__08,103,ok,
sp,Surface pressure,mavg,9,sp_mavg9,-0.000206784601963937,0.00208450753024867,0.999793236776498,0.99571491020095,1.00388826773491,128557,29147,144790.767388432,144789.563270061,3,0.01,6.15999999999997,sp__mavg__09,104,ok,
sp,Surface pressure,mavg,10,sp_mavg10,-0.000176092739921701,0.00208569346733241,0.999823922763495,0.995743155406254,1.00392141402957,128557,29147,144790.761419412,144789.55745766,3,0.01,6.11000000000001,sp__mavg__10,105,ok,
tp,Total precipitation,lag,0,tp,-0.000337145554012091,0.000601657974873714,0.999662911273164,0.998484212794372,1.00084300118978,128557,29147,144790.507052096,144789.299709455,3,0.01,6.25999999999999,tp__lag__00,106,ok,
tp,Total precipitation,lag,1,tp_lag1,0.000228767570766591,0.000618708894445538,1.00022879374006,0.999016025210493,1.00144303452485,128557,29147,144790.655972438,144789.448918392,3,0.01,6.13999999999999,tp__lag__01,107,ok,
tp,Total precipitation,lag,2,tp_lag2,-0.00110805097605495,0.00064420732435847,0.998892562685751,0.997631531607834,1.00015518773632,128557,29147,144787.860339482,144786.658222614,3,0.01,6.17999999999995,tp__lag__02,108,ok,
tp,Total precipitation,lag,3,tp_lag3,-0.000344711142291127,0.000627934172048164,0.999655348263768,0.998425213501656,1.00088699864336,128557,29147,144790.519805719,144789.338481657,3,0.01,6.13999999999999,tp__lag__03,109,ok,
tp,Total precipitation,lag,4,tp_lag4,-0.000311479892619168,0.000626826525181841,0.999688568612206,0.998460561610281,1.0009180859398,128557,29147,144790.572595374,144789.382162663,3,0.01,6.25999999999999,tp__lag__04,110,ok,
tp,Total precipitation,lag,5,tp_lag5,-0.000293115409967557,0.000616825909484403,0.999706927544157,0.99849847856887,1.00091683906413,128557,29147,144790.595281885,144789.405620186,3,0.01,6.25,tp__lag__05,111,ok,
tp,Total precipitation,lag,6,tp_lag6,0.000358321817511027,0.000617459430546574,1.00035838602244,0.999147908347742,1.00157033020251,128557,29147,144790.448737161,144789.234258679,3,0.01,6.08000000000004,tp__lag__06,112,ok,
tp,Total precipitation,lag,7,tp_lag7,0.000433438782232567,0.000618702897349007,1.00043353273039,0.99922052770752,1.00164801028201,128557,29147,144790.293665868,144789.094097852,3,0.01,6.24000000000001,tp__lag__07,113,ok,
tp,Total precipitation,lag,8,tp_lag8,0.00111956761683257,0.000634399953718284,1.00112019456661,0.999875579965869,1.00236635842574,128557,29147,144787.678304211,144786.45891285,3,0.01,6.11000000000001,tp__lag__08,114,ok,
tp,Total precipitation,lag,9,tp_lag9,0.000961684879440481,0.000639048662864568,1.00096214744661,0.999708616290626,1.00221725040124,128557,29147,144788.518972928,144787.299077649,3,0.01,6.31000000000006,tp__lag__09,115,ok,
tp,Total precipitation,lag,10,tp_lag10,-0.00128544394019968,0.000666661370091301,0.998715381888972,0.997410657375331,1.000021813127,128557,29147,144787.089885286,144785.897745472,3,0.01,6.23000000000002,tp__lag__10,116,ok,
tp,Total precipitation,mavg,1,tp_mavg1,-9.00879955269906e-05,0.00073883657605502,0.999909916062275,0.99846231021118,1.00135962070143,128557,29147,144790.792911153,144789.587025414,3,0.01,6.13,tp__mavg__01,117,ok,
tp,Total precipitation,mavg,2,tp_mavg2,-0.000740709514263653,0.000858012540384043,0.999259564743309,0.997579746534366,1.00094221158393,128557,29147,144790.080185597,144788.880169731,3,0.01,6.18999999999994,tp__mavg__02,118,ok,
tp,Total precipitation,mavg,3,tp_mavg3,-0.000869827592872529,0.000947502595306166,0.999130550597487,0.997275930813638,1.00098861938702,128557,29147,144789.983310832,144788.787021056,3,0.01,6.16999999999996,tp__mavg__03,119,ok,
tp,Total precipitation,mavg,4,tp_mavg4,-0.000963131353102908,0.00101748611723705,0.999037332309031,0.99704605079796,1.0010325907652,128557,29147,144789.930672217,144788.733445279,3,0.01,6.28000000000009,tp__mavg__04,120,ok,
tp,Total precipitation,mavg,5,tp_mavg5,-0.00104251326969575,0.00107608477097213,0.998958029958472,0.99685235546686,1.00106815231049,128557,29147,144789.888859598,144788.693338324,3,0.01,6.20000000000005,tp__mavg__05,121,ok,
tp,Total precipitation,mavg,6,tp_mavg6,-0.000807301746479688,0.00112473820435764,0.999193024033902,0.996991732112343,1.0013991762574,128557,29147,144790.308036154,144789.111849209,3,0.01,6.32000000000005,tp__mavg__06,122,ok,
tp,Total precipitation,mavg,7,tp_mavg7,-0.000572502668513188,0.00117106186254034,0.99942766117987,0.997135272343405,1.00172532015481,128557,29147,144790.578817692,144789.383373974,3,0.01,6.17000000000007,tp__mavg__07,123,ok,
tp,Total precipitation,mavg,8,tp_mavg8,-0.000100833118519514,0.00121859031133393,0.999899171964968,0.997512730526863,1.00229132270112,128557,29147,144790.799702572,144789.602824114,3,0.01,6.42999999999995,tp__mavg__08,124,ok,
tp,Total precipitation,mavg,9,tp_mavg9,0.000275424418678872,0.00126524686835163,1.00027546235147,0.997796831336456,1.00276025053885,128557,29147,144790.750525292,144789.551758246,3,0.01,6.17999999999995,tp__mavg__09,125,ok,
tp,Total precipitation,mavg,10,tp_mavg10,-0.000192080054502884,0.00131248379900997,0.99980793839169,0.997238090488913,1.00238440869692,128557,29147,144790.786948515,144789.589782601,3,0.01,6.25,tp__mavg__10,126,ok,
PM25,PM2.5,lag,0,PM25,0.000331846142371449,0.000177387828972793,1.00033190120939,0.999984006331333,1.00067991712235,128557,29147,144787.259704717,144786.040239237,3,0.01,6.12000000000001,PM25__lag__00,127,ok,
PM25,PM2.5,lag,1,PM25_lag1,0.00037299535575108,0.00017809175844411,1.00037306492717,1.00002377536367,1.0007224764933,128557,29147,144786.373327621,144785.154226403,3,0.01,6.16999999999996,PM25__lag__01,128,ok,
PM25,PM2.5,lag,2,PM25_lag2,0.000270088579860032,0.000178741169422585,1.00027012505706,0.999919598106793,1.00062077488821,128557,29147,144788.478106366,144787.254639166,3,0.01,6.13,PM25__lag__02,129,ok,
PM25,PM2.5,lag,3,PM25_lag3,6.22180513465182e-05,0.000180485645731549,1.00006221998693,0.999708346139668,1.00041621909841,128557,29147,144790.672976012,144789.448375307,3,0.01,6.17999999999995,PM25__lag__03,130,ok,
PM25,PM2.5,lag,4,PM25_lag4,0.000113278225412076,0.000180187665822467,1.00011328464163,0.999759976893765,1.00046671724699,128557,29147,144790.387190442,144789.177756538,3,0.01,6.32999999999993,PM25__lag__04,131,ok,
PM25,PM2.5,lag,5,PM25_lag5,0.000131708452459727,0.000181764978066517,1.0001317171264,0.999775310604203,1.00048825070387,128557,29147,144790.254336028,144789.0443484,3,0.01,6.12000000000001,PM25__lag__05,132,ok,
PM25,PM2.5,lag,6,PM25_lag6,-5.57713449990419e-05,0.000182459609426391,0.999944230210193,0.999586528959252,1.00030205946424,128557,29147,144790.721409803,144789.521194527,3,0.01,6.38999999999999,PM25__lag__06,133,ok,
PM25,PM2.5,lag,7,PM25_lag7,-8.95253915120523e-05,0.000182507581077489,0.999910478615766,0.999552695412804,1.00026838988462,128557,29147,144790.580431044,144789.375190985,3,0.01,6.1099999999999,PM25__lag__07,134,ok,
PM25,PM2.5,lag,8,PM25_lag8,-7.85880328589973e-05,0.000182988736381604,0.9999214150551,0.999562684853299,1.00028027400046,128557,29147,144790.634702106,144789.424481481,3,0.01,6.18999999999994,PM25__lag__08,135,ok,
PM25,PM2.5,lag,9,PM25_lag9,-0.000239208248560865,0.000183965125354362,0.999760820359451,0.999400234316554,1.00012153650191,128557,29147,144789.153185624,144787.933228108,3,0.01,6.13999999999999,PM25__lag__09,136,ok,
PM25,PM2.5,lag,10,PM25_lag10,-0.000245346936800113,0.000184372586888107,0.999754683158298,0.999393300821644,1.00011619617057,128557,29147,144789.073903267,144787.860053048,3,0.01,6.18000000000006,PM25__lag__10,137,ok,
PM25,PM2.5,mavg,1,PM25_mavg1,0.000382336918965715,0.000185152997494751,1.00038241001904,1.00001927044061,1.00074568146795,128557,29147,144786.492808069,144785.273658673,3,0.01,6.25999999999999,PM25__mavg__01,138,ok,
PM25,PM2.5,mavg,2,PM25_mavg2,0.000374990351588567,0.000191246229012845,1.00037506066926,0.999999975464961,1.00075028656535,128557,29147,144786.910102298,144785.690224774,3,0.01,6.13,PM25__mavg__02,139,ok,
PM25,PM2.5,mavg,3,PM25_mavg3,0.000315933872740406,0.00019679122070922,1.0003159837851,0.999930048254012,1.00070206827563,128557,29147,144788.179173682,144786.959390437,3,0.01,6.13999999999999,PM25__mavg__03,140,ok,
PM25,PM2.5,mavg,4,PM25_mavg4,0.000292836639699049,0.000201352236194199,1.00029287952053,0.999898010076554,1.00068790490512,128557,29147,144788.643221071,144787.426240566,3,0.01,6.20000000000005,PM25__mavg__04,141,ok,
PM25,PM2.5,mavg,5,PM25_mavg5,0.000282259249318739,0.000205500796006468,1.00028229908821,0.99987929985537,1.00068546075193,128557,29147,144788.872830277,144787.658704982,3,0.01,6.33000000000004,PM25__mavg__05,142,ok,
PM25,PM2.5,mavg,6,PM25_mavg6,0.000239887886228593,0.000209139172976945,1.00023991666163,0.999829801196367,1.00065020035287,128557,29147,144789.449007166,144788.237923331,3,0.01,6.27999999999997,PM25__mavg__06,143,ok,
PM25,PM2.5,mavg,7,PM25_mavg7,0.000200921058694434,0.000212276916968723,1.00020094124468,0.999784690260938,1.00061736553303,128557,29147,144789.874468345,144788.664609509,3,0.01,6.07999999999993,PM25__mavg__07,144,ok,
PM25,PM2.5,mavg,8,PM25_mavg8,0.000171253852083558,0.00021512128092205,1.00017126851686,0.999749453748099,1.00059326126014,128557,29147,144790.141244489,144788.931732611,3,0.01,6.16999999999996,PM25__mavg__08,145,ok,
PM25,PM2.5,mavg,9,PM25_mavg9,0.000123935137494283,0.000217638135908632,1.00012394281777,0.999697214187247,1.00055085360267,128557,29147,144790.458400992,144789.24814748,3,0.01,6.13,PM25__mavg__09,146,ok,
PM25,PM2.5,mavg,10,PM25_mavg10,8.29714541125878e-05,0.000219821187278834,1.00008297489634,0.999651984479048,1.00051415113261,128557,29147,144790.647144406,144789.436207066,3,0.01,6.36000000000001,PM25__mavg__10,147,ok,
PM10,PM10,lag,0,PM10,0.000350813146774738,0.000126219738648691,1.0003508746889,1.0001033140948,1.00059849656494,128557,29147,144783.034137977,144781.816492208,3,0.01,6.21999999999991,PM10__lag__00,148,ok,
PM10,PM10,lag,1,PM10_lag1,0.000319659293161367,0.000127165445068287,1.00031971038964,1.0000703029392,1.00056918004161,128557,29147,144784.434136316,144783.215720882,3,0.01,6.16999999999996,PM10__lag__01,149,ok,
PM10,PM10,lag,2,PM10_lag2,0.000261881261836364,0.000127618514729087,1.00026191555573,1.00001163407963,1.00051225967352,128557,29147,144786.538614823,144785.308408196,3,0.01,6.20999999999992,PM10__lag__02,150,ok,
PM10,PM10,lag,3,PM10_lag3,0.000152264339705391,0.000128623573523048,1.00015227593251,0.999900051264227,1.00040456422567,128557,29147,144789.362314885,144788.133570522,3,0.01,6.20000000000005,PM10__lag__03,151,ok,
PM10,PM10,lag,4,PM10_lag4,0.000159682762091145,0.00012835619527034,1.00015969551206,0.999907993226532,1.00041146115871,128557,29147,144789.214856851,144788.004332713,3,0.01,6.22000000000003,PM10__lag__04,152,ok,
PM10,PM10,lag,5,PM10_lag5,0.00018359471008574,0.000129292487580928,1.00018361156463,0.999930067410672,1.00043722000895,128557,29147,144788.74172447,144787.533725642,3,0.01,6.16999999999985,PM10__lag__05,153,ok,
PM10,PM10,lag,6,PM10_lag6,4.49716367044993e-05,0.000129107588024596,1.00004497264794,0.999791826132362,1.00029818326044,128557,29147,144790.669741403,144789.466464881,3,0.01,6.15000000000009,PM10__lag__06,154,ok,
PM10,PM10,lag,7,PM10_lag7,-4.63842886171336e-05,0.000129298422930108,0.999953616787117,0.999700119300502,1.00020717855393,128557,29147,144790.688679229,144789.475663281,3,0.01,6.20000000000005,PM10__lag__07,155,ok,
PM10,PM10,lag,8,PM10_lag8,5.24709395038017e-05,0.000129390575040133,1.00005247231613,0.99979876910414,1.00030623990677,128557,29147,144790.624382256,144789.416635095,3,0.01,6.6400000000001,PM10__lag__08,156,ok,
PM10,PM10,lag,9,PM10_lag9,-0.000109512467265219,0.000130731043649541,0.999890493529006,0.999634203841122,1.00014684892506,128557,29147,144790.132742887,144788.918463537,3,0.01,6.2800000000002,PM10__lag__09,157,ok,
PM10,PM10,lag,10,PM10_lag10,-0.000119433606616189,0.00013108951887212,0.999880573525293,0.999623583710036,1.00013762940884,128557,29147,144790.006780109,144788.799090766,3,0.01,6.50999999999999,PM10__lag__10,158,ok,
PM10,PM10,mavg,1,PM10_mavg1,0.000366821965283114,0.000132536791718575,1.00036688925269,1.00010693617963,1.00062690989646,128557,29147,144783.090575299,144781.874378123,3,0.01,7.84000000000015,PM10__mavg__01,159,ok,
PM10,PM10,mavg,2,PM10_mavg2,0.000362781964459089,0.000137195042247286,1.00036284777779,1.00009376048958,1.00063200746974,128557,29147,144783.75156997,144782.531134384,3,0.01,7.96000000000004,PM10__mavg__02,160,ok,
PM10,PM10,mavg,3,PM10_mavg3,0.000334336980538792,0.000141296699715659,1.00033439287738,1.00005726980681,1.00061159274339,128557,29147,144785.140640072,144783.91911212,3,0.01,7.25,PM10__mavg__03,161,ok,
PM10,PM10,mavg,4,PM10_mavg4,0.000320637608642781,0.000144615765561074,1.00032068901838,1.00003706112291,1.00060439735841,128557,29147,144785.822463027,144784.603757793,3,0.01,7.45000000000005,PM10__mavg__04,162,ok,
PM10,PM10,mavg,5,PM10_mavg5,0.000318247090758373,0.00014761457723288,1.00031829773674,1.00002878996049,1.00060788932823,128557,29147,144786.089104451,144784.873745502,3,0.01,7.25999999999999,PM10__mavg__05,163,ok,
PM10,PM10,mavg,6,PM10_mavg6,0.000290977288772914,0.000150199744103531,1.00029101962677,0.999996450494488,1.00058567553316,128557,29147,144786.986369472,144785.773589093,3,0.01,6.91999999999985,PM10__mavg__06,164,ok,
PM10,PM10,mavg,7,PM10_mavg7,0.000253822169163093,0.000152396555534144,1.00025385438474,0.999954988652174,1.00055280944467,128557,29147,144787.970609135,144786.758560556,3,0.01,6.97000000000003,PM10__mavg__07,165,ok,
PM10,PM10,mavg,8,PM10_mavg8,0.000239781914683993,0.000154371069471848,1.00023981066467,0.999937077538324,1.0005426354467,128557,29147,144788.33424149,144787.12283262,3,0.01,7.03999999999996,PM10__mavg__08,166,ok,
PM10,PM10,mavg,9,PM10_mavg9,0.000205022654147321,0.000156173215071526,1.00020504367273,0.999898787591506,1.0005113935586,128557,29147,144789.030168192,144787.818815225,3,0.01,7.19999999999982,PM10__mavg__09,167,ok,
PM10,PM10,mavg,10,PM10_mavg10,0.000174300840543712,0.000157765196564846,1.00017431603182,0.999864948057987,1.00048377972928,128557,29147,144789.539576835,144788.328264513,3,0.01,6.6400000000001,PM10__mavg__10,168,ok,
O3,O3,lag,0,O3,0.000212939918351968,0.000143624584166999,1.00021296259167,0.999931308712721,1.00049469580585,128557,29147,144788.548135849,144787.334624086,3,0.01,6.16000000000008,O3__lag__00,169,ok,
O3,O3,lag,1,O3_lag1,0.000188063817691375,0.000144027390998977,1.0001880815028,0.999905644839941,1.00047059794405,128557,29147,144789.047495882,144787.830446661,3,0.01,6.15999999999985,O3__lag__01,170,ok,
O3,O3,lag,2,O3_lag2,0.000246844337285141,0.000143498879874584,1.00024687480586,0.999965457862188,1.00052837094792,128557,29147,144787.779663277,144786.560581376,3,0.01,6.19000000000006,O3__lag__02,171,ok,
O3,O3,lag,3,O3_lag3,0.000236004492981108,0.000143488968049793,1.00023603234423,0.999954637886246,1.00051750598874,128557,29147,144788.035750759,144786.818059834,3,0.01,6.22999999999979,O3__lag__03,172,ok,
O3,O3,lag,4,O3_lag4,0.000224430948091787,0.00014372085848758,1.0002244561346,0.99994261024534,1.00050638146595,128557,29147,144788.304778696,144787.08861833,3,0.01,6.21000000000004,O3__lag__04,173,ok,
O3,O3,lag,5,O3_lag5,5.89030216724753e-05,0.000143679631914491,1.00005890475649,0.99977718633984,1.00034070255632,128557,29147,144790.619071508,144789.400206665,3,0.01,6.16999999999985,O3__lag__05,174,ok,
O3,O3,lag,6,O3_lag6,-4.77733943759022e-05,0.000143473141170994,0.999952227746754,0.999670944155621,1.00023359048434,128557,29147,144790.706578035,144789.488049419,3,0.01,6.24000000000001,O3__lag__06,175,ok,
O3,O3,lag,7,O3_lag7,-1.86842238909922e-05,0.000143388781333062,0.999981315950658,0.999700189548762,1.00026252140825,128557,29147,144790.792245104,144789.577122081,3,0.01,6.29999999999996,O3__lag__07,176,ok,
O3,O3,lag,8,O3_lag8,-2.81659593382385e-05,0.000143722147596259,0.999971834437319,0.999690057205048,1.00025369109226,128557,29147,144790.773534688,144789.557123754,3,0.01,6.57999999999993,O3__lag__08,177,ok,
O3,O3,lag,9,O3_lag9,2.15141725492961e-05,0.000143717865250333,1.00002151440398,0.999739731567552,1.000303376662,128557,29147,144790.77532116,144789.556529265,3,0.01,5.89999999999986,O3__lag__09,178,ok,
O3,O3,lag,10,O3_lag10,-5.55689885811304e-05,0.000144243119924606,0.999944432555347,0.999661641814195,1.00022730329303,128557,29147,144790.671352696,144789.454426303,3,0.01,6.25,O3__lag__10,179,ok,
O3,O3,mavg,1,O3_mavg1,0.000224107825113195,0.000152033589864757,1.00022413293915,0.999925987772933,1.0005223670033,128557,29147,144788.570449598,144787.35522043,3,0.01,6.25,O3__mavg__01,180,ok,
O3,O3,mavg,2,O3_mavg2,0.0002609740050658,0.000157953667074005,1.00026100806174,0.999951243718173,1.00057086836473,128557,29147,144788.004521843,144786.788125134,3,0.01,6.52999999999997,O3__mavg__02,181,ok,
O3,O3,mavg,3,O3_mavg3,0.000283420634941028,0.000162669355304028,1.00028346080236,0.999964442794652,1.00060258058696,128557,29147,144787.693139743,144786.476745147,3,0.01,6.16000000000008,O3__mavg__03,182,ok,
O3,O3,mavg,4,O3_mavg4,0.000298486711552613,0.000166699223695263,1.00029853126314,0.99997160647001,1.00062556294004,128557,29147,144787.518722485,144786.303027393,3,0.01,6.14999999999986,O3__mavg__04,183,ok,
O3,O3,mavg,5,O3_mavg5,0.000273073266621925,0.000170213317483415,1.00027311055452,0.999939303674682,1.0006070288691,128557,29147,144788.157055584,144786.941692486,3,0.01,6.27999999999997,O3__mavg__05,184,ok,
O3,O3,mavg,6,O3_mavg6,0.00023265069897174,0.000173319624499567,1.00023267776424,0.999892793851903,1.00057267721093,128557,29147,144788.939203828,144787.724605105,3,0.01,6.20000000000005,O3__mavg__06,185,ok,
O3,O3,mavg,7,O3_mavg7,0.000206371584978945,0.000175999172692956,1.00020639288106,0.999861264287324,1.00055164060591,128557,29147,144789.372936175,144788.158937345,3,0.01,6.40000000000009,O3__mavg__07,186,ok,
O3,O3,mavg,8,O3_mavg8,0.000183862228219611,0.000178504328567106,1.00018387913192,0.999833846748579,1.00053403405901,128557,29147,144789.692887433,144788.47889508,3,0.01,6.18999999999983,O3__mavg__08,187,ok,
O3,O3,mavg,9,O3_mavg9,0.000172963591508811,0.000180688923531883,1.00017297855057,0.99981866697556,1.00052741568562,128557,29147,144789.840442357,144788.626444458,3,0.01,6.1400000000001,O3__mavg__09,188,ok,
O3,O3,mavg,10,O3_mavg10,0.000152705943914699,0.000182732233772642,1.00015271760406,0.99979440729335,1.00051115632775,128557,29147,144790.063850265,144788.850120213,3,0.01,6.19000000000006,O3__mavg__10,189,ok,
