variable,exposure,unit,n_rows,n_observed,n_missing,mean,sd,median,p25,p75,minimum,maximum
t2m,Temperature,deg C,128557,128557,0,17.1124463237665,8.41735362364447,17.922251,9.792801793,24.11886495,-8.684100215,35.68524831
rh,Relative humidity,%,128557,128557,0,74.910895270108,11.9913026153273,75.9130432,67.08538547,84.15206697,18.40329253,99.41670218
ssr,Solar radiation,MJ/m2,128557,128557,0,13.0225639318511,7.30771720052007,12.911916,6.831472,18.723948,0.445012,29.91132
uv,Wind speed,m/s,128557,128557,0,1.80906031163411,1.14131058026029,1.605282371,0.920003979,2.47907374,0.000244909,8.505695361
sp,Surface pressure,kPa,128557,128557,0,99.6773717548915,2.80106596712748,100.2766883,99.2940791,101.3674831,83.56582096,104.0929507
tp,Total precipitation,mm,128557,128557,0,4.51046848504308,9.80629475044948,0.385402753,0.00214082,4.455779336,-3.44e-05,224.7228056
PM25,PM2.5,ug/m3,128557,128557,0,50.3027645041687,32.8214562435028,42.0000006258488,26.9000004008412,64.600000962615,2.30000003427267,324.200004830956
PM10,PM10,ug/m3,128557,128557,0,78.7095409101007,45.9473473066292,68.2000010162592,44.800000667572,102.200001522899,5.80000008642673,624.400009304285
O3,O3,ug/m3,128557,128557,0,88.3234391685919,40.7821064552255,84.6000012606382,57.700000859797,114.500001706183,3.50000005215406,298.800004452467
