month_date,case_count,rolling_12_month_mean
2004-12-01,3,
2005-01-01,37,
2005-02-01,13,
2005-03-01,36,
2005-04-01,37,
2005-05-01,15,
2005-06-01,33,
2005-07-01,20,
2005-08-01,13,
2005-09-01,14,
2005-10-01,18,
2005-11-01,31,22.5
2005-12-01,52,26.5833333333333
2006-01-01,28,25.8333333333333
2006-02-01,22,26.5833333333333
2006-03-01,31,26.1666666666667
2006-04-01,48,27.0833333333333
2006-05-01,46,29.6666666666667
2006-06-01,34,29.75
2006-07-01,18,29.5833333333333
2006-08-01,11,29.4166666666667
2006-09-01,15,29.5
2006-10-01,21,29.75
2006-11-01,32,29.8333333333333
2006-12-01,53,29.9166666666667
2007-01-01,43,31.1666666666667
2007-02-01,21,31.0833333333333
2007-03-01,38,31.6666666666667
2007-04-01,64,33
2007-05-01,55,33.75
2007-06-01,41,34.3333333333333
2007-07-01,30,35.3333333333333
2007-08-01,18,35.9166666666667
2007-09-01,14,35.8333333333333
2007-10-01,32,36.75
2007-11-01,26,36.25
2007-12-01,53,36.25
2008-01-01,37,35.75
2008-02-01,20,35.6666666666667
2008-03-01,44,36.1666666666667
2008-04-01,44,34.5
2008-05-01,86,37.0833333333333
2008-06-01,46,37.5
2008-07-01,23,36.9166666666667
2008-08-01,17,36.8333333333333
2008-09-01,18,37.1666666666667
2008-10-01,16,35.8333333333333
2008-11-01,32,36.3333333333333
2008-12-01,33,34.6666666666667
2009-01-01,18,33.0833333333333
2009-02-01,19,33
2009-03-01,42,32.8333333333333
2009-04-01,50,33.3333333333333
2009-05-01,46,30
2009-06-01,45,29.9166666666667
2009-07-01,26,30.1666666666667
2009-08-01,18,30.25
2009-09-01,29,31.1666666666667
2009-10-01,17,31.25
2009-11-01,19,30.1666666666667
2009-12-01,17,28.8333333333333
2010-01-01,24,29.3333333333333
2010-02-01,6,28.25
2010-03-01,22,26.5833333333333
2010-04-01,31,25
2010-05-01,49,25.25
2010-06-01,36,24.5
2010-07-01,27,24.5833333333333
2010-08-01,24,25.0833333333333
2010-09-01,23,24.5833333333333
2010-10-01,21,24.9166666666667
2010-11-01,47,27.25
2010-12-01,77,32.25
2011-01-01,46,34.0833333333333
2011-02-01,26,35.75
2011-03-01,92,41.5833333333333
2011-04-01,176,53.6666666666667
2011-05-01,244,69.9166666666667
2011-06-01,236,86.5833333333333
2011-07-01,91,91.9166666666667
2011-08-01,41,93.3333333333333
2011-09-01,38,94.5833333333333
2011-10-01,81,99.5833333333333
2011-11-01,138,107.166666666667
2011-12-01,169,114.833333333333
2012-01-01,70,116.833333333333
2012-02-01,67,120.25
2012-03-01,106,121.416666666667
2012-04-01,147,119
2012-05-01,130,109.5
2012-06-01,88,97.1666666666667
2012-07-01,62,94.75
2012-08-01,42,94.8333333333333
2012-09-01,41,95.0833333333333
2012-10-01,46,92.1666666666667
2012-11-01,82,87.5
2012-12-01,85,80.5
2013-01-01,47,78.5833333333333
2013-02-01,27,75.25
2013-03-01,62,71.5833333333333
2013-04-01,84,66.3333333333333
2013-05-01,98,63.6666666666667
2013-06-01,81,63.0833333333333
2013-07-01,66,63.4166666666667
2013-08-01,32,62.5833333333333
2013-09-01,32,61.8333333333333
2013-10-01,36,61
2013-11-01,76,60.5
2013-12-01,119,63.3333333333333
2014-01-01,89,66.8333333333333
2014-02-01,39,67.8333333333333
2014-03-01,96,70.6666666666667
2014-04-01,106,72.5
2014-05-01,189,80.0833333333333
2014-06-01,192,89.3333333333333
2014-07-01,95,91.75
2014-08-01,39,92.3333333333333
2014-09-01,47,93.5833333333333
2014-10-01,78,97.0833333333333
2014-11-01,150,103.25
2014-12-01,221,111.75
2015-01-01,312,130.333333333333
2015-02-01,98,135.25
2015-03-01,140,138.916666666667
2015-04-01,216,148.083333333333
2015-05-01,276,155.333333333333
2015-06-01,213,157.083333333333
2015-07-01,123,159.416666666667
2015-08-01,57,160.916666666667
2015-09-01,67,162.583333333333
2015-10-01,152,168.75
2015-11-01,199,172.833333333333
2015-12-01,328,181.75
2016-01-01,229,174.833333333333
2016-02-01,85,173.75
2016-03-01,146,174.25
2016-04-01,185,171.666666666667
2016-05-01,265,170.75
2016-06-01,221,171.416666666667
2016-07-01,103,169.75
2016-08-01,67,170.583333333333
2016-09-01,77,171.416666666667
2016-10-01,111,168
2016-11-01,173,165.833333333333
2016-12-01,178,153.333333333333
2017-01-01,107,143.166666666667
2017-02-01,105,144.833333333333
2017-03-01,168,146.666666666667
2017-04-01,242,151.416666666667
2017-05-01,406,163.166666666667
2017-06-01,357,174.5
2017-07-01,169,180
2017-08-01,99,182.666666666667
2017-09-01,105,185
2017-10-01,100,184.083333333333
2017-11-01,208,187
2017-12-01,273,194.916666666667
2018-01-01,183,201.25
2018-02-01,71,198.416666666667
2018-03-01,143,196.333333333333
2018-04-01,344,204.833333333333
2018-05-01,459,209.25
2018-06-01,409,213.583333333333
2018-07-01,237,219.25
2018-08-01,118,220.833333333333
2018-09-01,135,223.333333333333
2018-10-01,265,237.083333333333
2018-11-01,546,265.25
2018-12-01,679,299.083333333333
2019-01-01,343,312.416666666667
2019-02-01,118,316.333333333333
2019-03-01,268,326.75
2019-04-01,401,331.5
2019-05-01,499,334.833333333333
2019-06-01,387,333
2019-07-01,224,331.916666666667
2019-08-01,106,330.916666666667
2019-09-01,162,333.166666666667
2019-10-01,324,338.083333333333
2019-11-01,745,354.666666666667
2019-12-01,812,365.75
2020-01-01,269,359.583333333333
2020-02-01,29,352.166666666667
2020-03-01,35,332.75
2020-04-01,19,300.916666666667
2020-05-01,62,264.5
2020-06-01,77,238.666666666667
2020-07-01,66,225.5
2020-08-01,57,221.416666666667
2020-09-01,60,212.916666666667
2020-10-01,65,191.333333333333
2020-11-01,100,137.583333333333
2020-12-01,167,83.8333333333333
2021-01-01,184,76.75
2021-02-01,67,79.9166666666667
2021-03-01,148,89.3333333333333
2021-04-01,171,102
2021-05-01,253,117.916666666667
2021-06-01,268,133.833333333333
2021-07-01,166,142.166666666667
2021-08-01,66,142.916666666667
2021-09-01,89,145.333333333333
2021-10-01,121,150
2021-11-01,271,164.25
2021-12-01,305,175.75
2022-01-01,212,178.083333333333
2022-02-01,100,180.833333333333
2022-03-01,177,183.25
2022-04-01,200,185.666666666667
2022-05-01,310,190.416666666667
2022-06-01,292,192.416666666667
2022-07-01,114,188.083333333333
2022-08-01,64,187.916666666667
2022-09-01,125,190.916666666667
2022-10-01,222,199.333333333333
2022-11-01,295,201.333333333333
2022-12-01,101,184.333333333333
2023-01-01,25,168.75
2023-02-01,50,164.583333333333
2023-03-01,98,158
2023-04-01,99,149.583333333333
2023-05-01,142,135.583333333333
2023-06-01,189,127
2023-07-01,143,129.416666666667
2023-08-01,82,130.916666666667
2023-09-01,75,126.75
2023-10-01,91,115.833333333333
2023-11-01,170,105.416666666667
2023-12-01,197,113.416666666667
2024-01-01,157,124.416666666667
2024-02-01,56,124.916666666667
2024-03-01,156,129.75
2024-04-01,223,140.083333333333
2024-05-01,391,160.833333333333
2024-06-01,428,180.75
