variable,exposure,exposure_type,window,term,coefficient,coefficient_sd,RR,lower_95_CrI,upper_95_CrI,n_rows,n_strata,DIC,WAIC,pc_prior_U,pc_prior_alpha,elapsed_seconds,group_key,group_type,subgroup,group_order,subgroup_order,window_label,model_key,specification_order,status,error_message
t2m,Temperature,lag,3,t2m_lag3,0.000100979666907986,0.000710338880556092,1.00010098476553,0.998708909744994,1.00149500016276,128557,29147,144790.778939608,144789.554897316,3,0.01,7.46,Overall__Overall,Overall,Overall,1,1,Single lag 3,g01_s01__t2m__lag__03,1,ok,
rh,Relative humidity,lag,3,rh_lag3,-0.00130190112202406,0.000485291594663579,0.998698945983586,0.997749027450768,0.999649768924586,128557,29147,144783.87730516,144782.651417476,3,0.01,6.39,Overall__Overall,Overall,Overall,1,1,Single lag 3,g01_s01__rh__lag__03,2,ok,
ssr,Solar radiation,lag,3,ssr_lag3,0.00187009355000193,0.000800292587251958,1.00187184326549,1.00030084440244,1.00344530942665,128557,29147,144785.273281372,144784.05017573,3,0.01,6.56,Overall__Overall,Overall,Overall,1,1,Single lag 3,g01_s01__ssr__lag__03,3,ok,
uv,Wind speed,lag,3,uv_lag3,-0.0233371253652307,0.00518850852923147,0.976933079329925,0.967044006752322,0.986923278356251,128557,29147,144770.550059013,144769.339838094,3,0.01,6.08,Overall__Overall,Overall,Overall,1,1,Single lag 3,g01_s01__uv__lag__03,4,ok,
sp,Surface pressure,lag,3,sp_lag3,0.000368686234679003,0.00207081895321163,1.0003687542078,0.996314822667039,1.00443918095763,128557,29147,144790.582667411,144789.380545235,3,0.01,6.05,Overall__Overall,Overall,Overall,1,1,Single lag 3,g01_s01__sp__lag__03,5,ok,
tp,Total precipitation,lag,3,tp_lag3,-0.000344711142317624,0.000627934172969252,0.999655348263742,0.998425213499827,1.00088699864514,128557,29147,144790.519805982,144789.338481891,3,0.01,6.67,Overall__Overall,Overall,Overall,1,1,Single lag 3,g01_s01__tp__lag__03,6,ok,
PM25,PM2.5,lag,3,PM25_lag3,6.22180513465182e-05,0.000180485645731549,1.00006221998693,0.999708346139668,1.00041621909841,128557,29147,144790.672976012,144789.448375307,3,0.01,6.63,Overall__Overall,Overall,Overall,1,1,Single lag 3,g01_s01__PM25__lag__03,7,ok,
PM10,PM10,lag,3,PM10_lag3,0.000152264339705391,0.000128623573523048,1.00015227593251,0.999900051264227,1.00040456422567,128557,29147,144789.362314885,144788.133570522,3,0.01,6.26,Overall__Overall,Overall,Overall,1,1,Single lag 3,g01_s01__PM10__lag__03,8,ok,
O3,O3,lag,3,O3_lag3,0.000236004492980835,0.000143488968002763,1.00023603234423,0.999954637886338,1.00051750598864,128557,29147,144788.03575048,144786.818059586,3,0.01,6.25999999999999,Overall__Overall,Overall,Overall,1,1,Single lag 3,g01_s01__O3__lag__03,9,ok,
t2m,Temperature,mavg,4,t2m_mavg4,0.000724980882642061,0.000728808841566537,1.0007252437448,0.999296106875714,1.002156424489,128557,29147,144789.779358343,144788.556163926,3,0.01,6.20999999999999,Overall__Overall,Overall,Overall,1,1,Moving average 4,g01_s01__t2m__mavg__04,10,ok,
rh,Relative humidity,mavg,4,rh_mavg4,-0.000998700288724141,0.000614828871094822,0.999001798246433,0.997798109014317,1.00020693957676,128557,29147,144788.367555602,144787.147805889,3,0.01,6.09999999999999,Overall__Overall,Overall,Overall,1,1,Moving average 4,g01_s01__rh__mavg__04,11,ok,
ssr,Solar radiation,mavg,4,ssr_mavg4,0.00250454388535785,0.00105737738888217,1.00250768287543,1.00043122464789,1.0045884509332,128557,29147,144785.098818346,144783.871918238,3,0.01,6.08,Overall__Overall,Overall,Overall,1,1,Moving average 4,g01_s01__ssr__mavg__04,12,ok,
uv,Wind speed,mavg,4,uv_mavg4,-0.0352481675422115,0.00740836363793778,0.965365814066641,0.951443252599994,0.979492105613614,128557,29147,144768.246572364,144767.024758208,3,0.01,6.58,Overall__Overall,Overall,Overall,1,1,Moving average 4,g01_s01__uv__mavg__04,13,ok,
sp,Surface pressure,mavg,4,sp_mavg4,-0.000608113660675651,0.00207439381315146,0.999392071202962,0.995335120334732,1.00346555811187,128557,29147,144790.802725765,144789.596109716,3,0.01,6.27,Overall__Overall,Overall,Overall,1,1,Moving average 4,g01_s01__sp__mavg__04,14,ok,
tp,Total precipitation,mavg,4,tp_mavg4,-0.000963131353085863,0.0010174861167164,0.999037332309048,0.997046050798995,1.00103259076419,128557,29147,144789.930671919,144788.733445015,3,0.01,6.12000000000001,Overall__Overall,Overall,Overall,1,1,Moving average 4,g01_s01__tp__mavg__04,15,ok,
PM25,PM2.5,mavg,4,PM25_mavg4,0.000292836639699049,0.000201352236194199,1.00029287952053,0.999898010076554,1.00068790490512,128557,29147,144788.643221071,144787.426240566,3,0.01,6.11,Overall__Overall,Overall,Overall,1,1,Moving average 4,g01_s01__PM25__mavg__04,16,ok,
PM10,PM10,mavg,4,PM10_mavg4,0.000320637608646556,0.000144615765545557,1.00032068901838,1.00003706112295,1.00060439735839,128557,29147,144785.822463705,144784.603758396,3,0.01,6.10000000000001,Overall__Overall,Overall,Overall,1,1,Moving average 4,g01_s01__PM10__mavg__04,17,ok,
O3,O3,mavg,4,O3_mavg4,0.000298486711551588,0.000166699223672892,1.00029853126314,0.999971606470053,1.00062556294,128557,29147,144787.518721897,144786.303026873,3,0.01,6.19,Overall__Overall,Overall,Overall,1,1,Moving average 4,g01_s01__O3__mavg__04,18,ok,
t2m,Temperature,lag,3,t2m_lag3,-0.000170385170494512,0.000999918319650181,0.999829629344234,0.997871143405819,1.0017919591299,63647,14422,71669.709861415,71668.4917610368,3,0.01,3.10999999999999,Age__Age <6,Age,Age <6,2,1,Single lag 3,g02_s01__t2m__lag__03,19,ok,
rh,Relative humidity,lag,3,rh_lag3,-0.000727713223491929,0.000692021296797398,0.999272551495559,0.99791747317539,1.00062946999662,63647,14422,71668.7688398437,71667.5378158711,3,0.01,3.13,Age__Age <6,Age,Age <6,2,1,Single lag 3,g02_s01__rh__lag__03,20,ok,
ssr,Solar radiation,lag,3,ssr_lag3,0.00162354867649175,0.00113008091230215,1.00162486734519,0.999407747541752,1.00384690569557,63647,14422,71667.6043611534,71666.3829211292,3,0.01,3.09999999999999,Age__Age <6,Age,Age <6,2,1,Single lag 3,g02_s01__ssr__lag__03,21,ok,
uv,Wind speed,lag,3,uv_lag3,-0.023235736554814,0.00740351235129939,0.97703213443415,0.962950481007647,0.991319710003543,63647,14422,71659.9423719925,71658.7304870536,3,0.01,3.13,Age__Age <6,Age,Age <6,2,1,Single lag 3,g02_s01__uv__lag__03,22,ok,
sp,Surface pressure,lag,3,sp_lag3,-6.98793698690196e-06,0.00283087939530717,0.999993012087429,0.994457355863391,1.00555948278903,63647,14422,71669.5769973398,71668.3807214897,3,0.01,3.26000000000002,Age__Age <6,Age,Age <6,2,1,Single lag 3,g02_s01__sp__lag__03,23,ok,
tp,Total precipitation,lag,3,tp_lag3,-0.000960973213351465,0.000902323074130604,0.999039488373537,0.997273384711211,1.00080871968147,63647,14422,71668.6323579957,71667.4468159414,3,0.01,3.09,Age__Age <6,Age,Age <6,2,1,Single lag 3,g02_s01__tp__lag__03,24,ok,
PM25,PM2.5,lag,3,PM25_lag3,-7.70687906125123e-05,0.000261602697938484,0.999922934179111,0.999410128305718,1.00043600317704,63647,14422,71669.6593595616,71668.4358878725,3,0.01,3.09,Age__Age <6,Age,Age <6,2,1,Single lag 3,g02_s01__PM25__lag__03,25,ok,
PM10,PM10,lag,3,PM10_lag3,-2.264591246621e-05,0.000185418406379769,0.999977354343951,0.999613841560202,1.00034099932088,63647,14422,71669.7225673092,71668.4976872169,3,0.01,3.11000000000001,Age__Age <6,Age,Age <6,2,1,Single lag 3,g02_s01__PM10__lag__03,26,ok,
O3,O3,lag,3,O3_lag3,8.2600357447168e-05,0.000206421135427733,1.00008260376895,0.999677880873848,1.00048749051653,63647,14422,71669.5470914666,71668.332492036,3,0.01,3.11000000000001,Age__Age <6,Age,Age <6,2,1,Single lag 3,g02_s01__O3__lag__03,27,ok,
t2m,Temperature,mavg,4,t2m_mavg4,0.000294876996524003,0.00102595205040546,1.00029492047702,0.998284559832705,1.0023093296297,63647,14422,71669.6341544738,71668.4162548904,3,0.01,3.15000000000001,Age__Age <6,Age,Age <6,2,1,Moving average 4,g02_s01__t2m__mavg__04,28,ok,
rh,Relative humidity,mavg,4,rh_mavg4,-0.000220662401496416,0.000877950676098067,0.999779361942661,0.99805964838548,1.00150203880556,63647,14422,71669.7068958811,71668.4872697645,3,0.01,3.09,Age__Age <6,Age,Age <6,2,1,Moving average 4,g02_s01__rh__mavg__04,29,ok,
ssr,Solar radiation,mavg,4,ssr_mavg4,0.0012637598162622,0.00149055121364218,1.00126455869719,0.998342312210779,1.00419535891509,63647,14422,71668.962713432,71667.7403672047,3,0.01,3.11000000000001,Age__Age <6,Age,Age <6,2,1,Moving average 4,g02_s01__ssr__mavg__04,30,ok,
uv,Wind speed,mavg,4,uv_mavg4,-0.0244651357577092,0.0104375357521035,0.975831709958516,0.956062388246615,0.996009818552129,63647,14422,71664.3515441851,71663.1312531714,3,0.01,3.12,Age__Age <6,Age,Age <6,2,1,Moving average 4,g02_s01__uv__mavg__04,31,ok,
sp,Surface pressure,mavg,4,sp_mavg4,-0.000621687726562706,0.00283822623008689,0.999378505481212,0.993831933310831,1.00495603322519,63647,14422,71669.6994479443,71668.500622364,3,0.01,3.13,Age__Age <6,Age,Age <6,2,1,Moving average 4,g02_s01__sp__mavg__04,32,ok,
tp,Total precipitation,mavg,4,tp_mavg4,-0.000843346960020174,0.00144902119310848,0.999157008557079,0.996322046482453,1.00200003729635,63647,14422,71669.4145950624,71668.2119446883,3,0.01,3.07999999999998,Age__Age <6,Age,Age <6,2,1,Moving average 4,g02_s01__tp__mavg__04,33,ok,
PM25,PM2.5,mavg,4,PM25_mavg4,0.000123519931187553,0.000291573487697825,1.00012352756009,0.9995518736791,1.00069550837963,63647,14422,71669.5291602769,71668.311528899,3,0.01,3.10999999999999,Age__Age <6,Age,Age <6,2,1,Moving average 4,g02_s01__PM25__mavg__04,34,ok,
PM10,PM10,mavg,4,PM10_mavg4,0.000109901176600617,0.000208580723466521,1.00010990721596,0.999700939793173,1.00051904194695,63647,14422,71669.4234701545,71668.207224498,3,0.01,3.5,Age__Age <6,Age,Age <6,2,1,Moving average 4,g02_s01__PM10__mavg__04,35,ok,
O3,O3,mavg,4,O3_mavg4,8.96479392139576e-05,0.000240691732885792,1.00008965195771,0.999617748398722,1.00056177829541,63647,14422,71669.5668279813,71668.3547571104,3,0.01,3.22,Age__Age <6,Age,Age <6,2,1,Moving average 4,g02_s01__O3__mavg__04,36,ok,
t2m,Temperature,lag,3,t2m_lag3,0.000320562818660744,0.0010099386195436,1.00032061420441,0.99834155009141,1.00230360150877,64910,14725,73130.2826305355,73129.0555087985,3,0.01,3.47,Age__Age >=6,Age,Age >=6,2,2,Single lag 3,g02_s02__t2m__lag__03,37,ok,
rh,Relative humidity,lag,3,rh_lag3,-0.00188946082951918,0.000679850999450543,0.998112323077876,0.996782605778948,0.999443814336386,64910,14725,73123.0596370577,73121.8407207505,3,0.01,3.25999999999999,Age__Age >=6,Age,Age >=6,2,2,Single lag 3,g02_s02__rh__lag__03,38,ok,
ssr,Solar radiation,lag,3,ssr_lag3,0.00206580072474672,0.00113388692786872,1.00206793596114,0.999842373342477,1.00429845249908,64910,14725,73127.0007931311,73125.7791047333,3,0.01,3.25,Age__Age >=6,Age,Age >=6,2,2,Single lag 3,g02_s02__ssr__lag__03,39,ok,
uv,Wind speed,lag,3,uv_lag3,-0.0237282353129748,0.00727597632126107,0.976551065793836,0.96271707735657,0.990583844855385,64910,14725,73119.8195147094,73118.6142479344,3,0.01,3.26000000000002,Age__Age >=6,Age,Age >=6,2,2,Single lag 3,g02_s02__uv__lag__03,40,ok,
sp,Surface pressure,lag,3,sp_lag3,-0.000520076970450657,0.00290187756632544,0.999480058246135,0.993808873510036,1.00518360588432,64910,14725,73130.3460441269,73129.152201409,3,0.01,3.34999999999999,Age__Age >=6,Age,Age >=6,2,2,Single lag 3,g02_s02__sp__lag__03,41,ok,
tp,Total precipitation,lag,3,tp_lag3,0.000229669108457813,0.00087339830051292,1.00022969548443,0.998518120729425,1.00194420407324,64910,14725,73130.3174240013,73129.1401382804,3,0.01,3.25999999999999,Age__Age >=6,Age,Age >=6,2,2,Single lag 3,g02_s02__tp__lag__03,42,ok,
PM25,PM2.5,lag,3,PM25_lag3,0.000184620697936558,0.000249249767033264,1.00018463774139,0.999695912871908,1.00067360154322,64910,14725,73129.8151311526,73128.5919945034,3,0.01,3.25,Age__Age >=6,Age,Age >=6,2,2,Single lag 3,g02_s02__PM25__lag__03,43,ok,
PM10,PM10,lag,3,PM10_lag3,0.000312034933392941,0.000178544267101806,1.00031208362136,0.999961928061903,1.00066236180314,64910,14725,73127.2726258258,73126.0429693896,3,0.01,3.25,Age__Age >=6,Age,Age >=6,2,2,Single lag 3,g02_s02__PM10__lag__03,44,ok,
O3,O3,lag,3,O3_lag3,0.000370501718145569,0.000199616430320904,1.00037057036238,0.999979073914981,1.00076222008381,64910,14725,73126.8562066512,73125.6387040189,3,0.01,3.30000000000001,Age__Age >=6,Age,Age >=6,2,2,Single lag 3,g02_s02__O3__lag__03,45,ok,
t2m,Temperature,mavg,4,t2m_mavg4,0.00110740491632875,0.00103608584038043,1.00110801831556,0.999076170339131,1.00314399853389,64910,14725,73129.2027014097,73127.977134962,3,0.01,3.28,Age__Age >=6,Age,Age >=6,2,2,Moving average 4,g02_s02__t2m__mavg__04,46,ok,
rh,Relative humidity,mavg,4,rh_mavg4,-0.00180431815828079,0.000859535333620488,0.998197308645157,0.996516300568582,0.999881152509318,64910,14725,73126.3531928257,73125.1358388544,3,0.01,3.28,Age__Age >=6,Age,Age >=6,2,2,Moving average 4,g02_s02__rh__mavg__04,47,ok,
ssr,Solar radiation,mavg,4,ssr_mavg4,0.00368131866510711,0.00150078276434278,1.00368810304126,1.00073870523821,1.00664619342025,64910,14725,73124.243667631,73123.0152239097,3,0.01,3.23999999999998,Age__Age >=6,Age,Age >=6,2,2,Moving average 4,g02_s02__ssr__mavg__04,48,ok,
uv,Wind speed,mavg,4,uv_mavg4,-0.0467237484623431,0.010521192968087,0.954351002109915,0.934863485918395,0.974244740989923,64910,14725,73110.802611713,73109.5822864398,3,0.01,3.30000000000001,Age__Age >=6,Age,Age >=6,2,2,Moving average 4,g02_s02__uv__mavg__04,49,ok,
sp,Surface pressure,mavg,4,sp_mavg4,-0.00180714509166482,0.00290426669834754,0.998194486811849,0.992525946713134,1.00389540138582,64910,14725,73130.3259007275,73129.1262448084,3,0.01,3.30000000000001,Age__Age >=6,Age,Age >=6,2,2,Moving average 4,g02_s02__sp__mavg__04,50,ok,
tp,Total precipitation,mavg,4,tp_mavg4,-0.00110118598340749,0.0014289769393235,0.998899420099387,0.996104339796165,1.00170234340721,64910,14725,73129.8327513089,73128.6439271227,3,0.01,3.40000000000001,Age__Age >=6,Age,Age >=6,2,2,Moving average 4,g02_s02__tp__mavg__04,51,ok,
PM25,PM2.5,mavg,4,PM25_mavg4,0.000443862804456475,0.000278334181063818,1.00044396132613,0.99989808228188,1.00099013840225,64910,14725,73127.7892335042,73126.57547256,3,0.01,3.25,Age__Age >=6,Age,Age >=6,2,2,Moving average 4,g02_s02__PM25__mavg__04,52,ok,
PM10,PM10,mavg,4,PM10_mavg4,0.000513543172639573,0.000200639982535204,1.00051367505851,1.0001201152873,1.00090738971785,64910,14725,73123.7550915083,73122.5365496165,3,0.01,3.25999999999999,Age__Age >=6,Age,Age >=6,2,2,Moving average 4,g02_s02__PM10__mavg__04,53,ok,
O3,O3,mavg,4,O3_mavg4,0.00047932639726493,0.000231107623027245,1.00047944129252,1.00002614761353,1.00093294044737,64910,14725,73125.9717895005,73124.755957388,3,0.01,3.29999999999998,Age__Age >=6,Age,Age >=6,2,2,Moving average 4,g02_s02__O3__mavg__04,54,ok,
t2m,Temperature,lag,3,t2m_lag3,0.000236103283565482,0.000911294036903467,1.00023613115814,0.998450348005767,1.00202510827833,78297,17735,88138.511022435,88137.2886531784,3,0.01,3.75999999999999,Sex__Male,Sex,Male,3,1,Single lag 3,g03_s01__t2m__lag__03,55,ok,
rh,Relative humidity,lag,3,rh_lag3,-0.00126940270487119,0.000622147899376571,0.998731402645935,0.997513722922125,0.999950568881475,78297,17735,88134.6814731466,88133.4554752497,3,0.01,3.75,Sex__Male,Sex,Male,3,1,Single lag 3,g03_s01__rh__lag__03,56,ok,
ssr,Solar radiation,lag,3,ssr_lag3,0.0018399374120861,0.00102413123381275,1.00184163113555,0.999831731794458,1.00385557085987,78297,17735,88135.2912084578,88134.0653800509,3,0.01,3.76999999999998,Sex__Male,Sex,Male,3,1,Single lag 3,g03_s01__ssr__lag__03,57,ok,
uv,Wind speed,lag,3,uv_lag3,-0.02759142238967,0.00667095418107357,0.972785744090671,0.960143523556991,0.985594424785892,78297,17735,88121.4845081047,88120.2712233694,3,0.01,3.78000000000003,Sex__Male,Sex,Male,3,1,Single lag 3,g03_s01__uv__lag__03,58,ok,
sp,Surface pressure,lag,3,sp_lag3,-9.6093473551492e-05,0.00262269057279285,0.999903911143278,0.994774769748399,1.00505949896342,78297,17735,88138.4809070274,88137.2840665922,3,0.01,3.73000000000002,Sex__Male,Sex,Male,3,1,Single lag 3,g03_s01__sp__lag__03,59,ok,
tp,Total precipitation,lag,3,tp_lag3,-2.72383520515543e-05,0.000809328206598489,0.999972762018909,0.998387051501845,1.00156099107429,78297,17735,88138.5899779748,88137.4134128344,3,0.01,3.75,Sex__Male,Sex,Male,3,1,Single lag 3,g03_s01__tp__lag__03,60,ok,
PM25,PM2.5,lag,3,PM25_lag3,0.000104128744839272,0.000229157762243891,1.00010413416643,0.999654832685711,1.00055363759233,78297,17735,88138.3625622541,88137.1408443261,3,0.01,3.75,Sex__Male,Sex,Male,3,1,Single lag 3,g03_s01__PM25__lag__03,61,ok,
PM10,PM10,lag,3,PM10_lag3,0.00018939547727543,0.000163698131741725,1.00018941341373,0.999868408336835,1.00051052155266,78297,17735,88137.1992770926,88135.9721877165,3,0.01,3.77999999999997,Sex__Male,Sex,Male,3,1,Single lag 3,g03_s01__PM10__lag__03,62,ok,
O3,O3,lag,3,O3_lag3,0.00018381899013048,0.000184916499138192,1.00018383588588,0.999821232055263,1.00054657122116,78297,17735,88137.5500750988,88136.3334203053,3,0.01,3.69999999999999,Sex__Male,Sex,Male,3,1,Single lag 3,g03_s01__O3__lag__03,63,ok,
t2m,Temperature,mavg,4,t2m_mavg4,0.000738893951567223,0.000935621143200723,1.00073916700095,0.998904833816908,1.00257686866095,78297,17735,88137.9302279001,88136.7072286237,3,0.01,3.81,Sex__Male,Sex,Male,3,1,Moving average 4,g03_s01__t2m__mavg__04,64,ok,
rh,Relative humidity,mavg,4,rh_mavg4,-0.000840349195835397,0.000789049652567586,0.999160003798664,0.997615250777752,1.00070714887448,78297,17735,88137.6208895019,88136.404996351,3,0.01,3.76999999999998,Sex__Male,Sex,Male,3,1,Moving average 4,g03_s01__rh__mavg__04,65,ok,
ssr,Solar radiation,mavg,4,ssr_mavg4,0.00213099832562414,0.00135732263518416,1.00213327051628,0.999469563993043,1.00480407615891,78297,17735,88136.0420424081,88134.8140974172,3,0.01,3.72999999999996,Sex__Male,Sex,Male,3,1,Moving average 4,g03_s01__ssr__mavg__04,66,ok,
uv,Wind speed,mavg,4,uv_mavg4,-0.0417682853217896,0.00953596271794516,0.959091990518795,0.941324490848875,0.977194851391878,78297,17735,88119.5171766846,88118.2911821301,3,0.01,3.74000000000001,Sex__Male,Sex,Male,3,1,Moving average 4,g03_s01__uv__mavg__04,67,ok,
sp,Surface pressure,mavg,4,sp_mavg4,-0.000895216057281938,0.00262845970067226,0.999105184529067,0.993968895777375,1.00426801494545,78297,17735,88138.5847453311,88137.3843662841,3,0.01,3.79000000000002,Sex__Male,Sex,Male,3,1,Moving average 4,g03_s01__sp__mavg__04,68,ok,
tp,Total precipitation,mavg,4,tp_mavg4,-0.0010140906506001,0.00131305941150767,0.998986423365556,0.996417562357201,1.00156190713288,78297,17735,88138.018197765,88136.8260401162,3,0.01,3.78000000000003,Sex__Male,Sex,Male,3,1,Moving average 4,g03_s01__tp__mavg__04,69,ok,
PM25,PM2.5,mavg,4,PM25_mavg4,0.000313303349730272,0.0002566742173491,1.00031335243435,0.999810008720165,1.00081694956016,78297,17735,88137.0476116776,88135.8330320129,3,0.01,3.77999999999997,Sex__Male,Sex,Male,3,1,Moving average 4,g03_s01__PM25__mavg__04,70,ok,
PM10,PM10,mavg,4,PM10_mavg4,0.000336399736842512,0.000184612282465234,1.00033645632558,0.999974393691873,1.00069865006024,78297,17735,88135.1913404173,88133.9747932999,3,0.01,3.73000000000002,Sex__Male,Sex,Male,3,1,Moving average 4,g03_s01__PM10__mavg__04,71,ok,
O3,O3,mavg,4,O3_mavg4,0.000261911818962646,0.000214493687873392,1.00026194612086,0.999841323560828,1.00068274563395,78297,17735,88137.0268920482,88135.8106930394,3,0.01,3.79000000000002,Sex__Male,Sex,Male,3,1,Moving average 4,g03_s01__O3__mavg__04,72,ok,
t2m,Temperature,lag,3,t2m_lag3,-0.000144955603186176,0.0011343702321795,0.99985505490237,0.997633461542076,1.00208159543434,50260,11412,56662.8311017652,56661.6088951366,3,0.01,2.52999999999997,Sex__Female,Sex,Female,3,2,Single lag 3,g03_s02__t2m__lag__03,73,ok,
rh,Relative humidity,lag,3,rh_lag3,-0.00140999803980764,0.000774077783935088,0.998590995540392,0.997076394368312,1.00010789763509,50260,11412,56659.8019739049,56658.5798865094,3,0.01,2.5,Sex__Female,Sex,Female,3,2,Single lag 3,g03_s02__rh__lag__03,74,ok,
ssr,Solar radiation,lag,3,ssr_lag3,0.00188597611384577,0.00128259504546025,1.00188775568536,0.999371132261229,1.00441071650684,50260,11412,56660.6059828961,56659.3918965816,3,0.01,2.5,Sex__Female,Sex,Female,3,2,Single lag 3,g03_s02__ssr__lag__03,75,ok,
uv,Wind speed,lag,3,uv_lag3,-0.0169823547467391,0.00825425307851347,0.983161032607271,0.967375904399118,0.999203734028199,50260,11412,56658.6865800883,56657.4853932028,3,0.01,2.50999999999999,Sex__Female,Sex,Female,3,2,Single lag 3,g03_s02__uv__lag__03,76,ok,
sp,Surface pressure,lag,3,sp_lag3,-0.000413534770817287,0.00318596285000624,0.999586550722901,0.993361242753339,1.0058508724421,50260,11412,56662.7413775969,56661.5491877087,3,0.01,2.61000000000001,Sex__Female,Sex,Female,3,2,Single lag 3,g03_s02__sp__lag__03,77,ok,
tp,Total precipitation,lag,3,tp_lag3,-0.000844575638564307,0.000996067506060101,0.999155780915054,0.997206144862433,1.00110922869105,50260,11412,56662.1601830529,56660.9767554616,3,0.01,2.54999999999995,Sex__Female,Sex,Female,3,2,Single lag 3,g03_s02__tp__lag__03,78,ok,
PM25,PM2.5,lag,3,PM25_lag3,-1.20571481045135e-05,0.000293210518774135,0.999987942924583,0.999413158363722,1.00056305805903,50260,11412,56662.8414692167,56661.6168199481,3,0.01,2.5,Sex__Female,Sex,Female,3,2,Single lag 3,g03_s02__PM25__lag__03,79,ok,
PM10,PM10,lag,3,PM10_lag3,8.81706158484726e-05,0.00020814301826073,1.00008817450299,0.999680073989016,1.00049644162074,50260,11412,56662.6359684682,56661.4093472166,3,0.01,2.53000000000003,Sex__Female,Sex,Female,3,2,Single lag 3,g03_s02__PM10__lag__03,80,ok,
O3,O3,lag,3,O3_lag3,0.00030735816531012,0.000227508509306795,1.00030740540467,0.99986124617021,1.00075376372737,50260,11412,56660.9311885847,56659.7165337787,3,0.01,2.59999999999997,Sex__Female,Sex,Female,3,2,Single lag 3,g03_s02__O3__lag__03,81,ok,
t2m,Temperature,mavg,4,t2m_mavg4,0.000666282072459912,0.00116261860059534,1.00066650408767,0.998387803302171,1.00295040577053,50260,11412,56662.4798949106,56661.260790365,3,0.01,2.48000000000002,Sex__Female,Sex,Female,3,2,Moving average 4,g03_s02__t2m__mavg__04,82,ok,
rh,Relative humidity,mavg,4,rh_mavg4,-0.0013380648086058,0.000977967030150671,0.998662830000961,0.996749533184583,1.00057979967261,50260,11412,56661.2309195479,56660.0089893438,3,0.01,2.46999999999997,Sex__Female,Sex,Female,3,2,Moving average 4,g03_s02__rh__mavg__04,83,ok,
ssr,Solar radiation,mavg,4,ssr_mavg4,0.0030265334177201,0.00168637713997844,1.00303111799394,0.999719754410045,1.00635344986372,50260,11412,56659.5029877241,56658.2824183884,3,0.01,2.51000000000005,Sex__Female,Sex,Female,3,2,Moving average 4,g03_s02__ssr__mavg__04,84,ok,
uv,Wind speed,mavg,4,uv_mavg4,-0.0256509710362226,0.0117635037228904,0.974675220129696,0.95244964884436,0.997419428242521,50260,11412,56658.208934489,56656.9978551251,3,0.01,2.5,Sex__Female,Sex,Female,3,2,Moving average 4,g03_s02__uv__mavg__04,85,ok,
sp,Surface pressure,mavg,4,sp_mavg4,-0.0015589191582679,0.00318947024892874,0.998442295325027,0.992217289456152,1.00470635607231,50260,11412,56662.8215241252,56661.6243908956,3,0.01,2.53000000000003,Sex__Female,Sex,Female,3,2,Moving average 4,g03_s02__sp__mavg__04,86,ok,
tp,Total precipitation,mavg,4,tp_mavg4,-0.000924444664274914,0.00160983721631323,0.999075982503053,0.995927140877932,1.00223477985313,50260,11412,56662.5360520651,56661.3359121101,3,0.01,2.48000000000002,Sex__Female,Sex,Female,3,2,Moving average 4,g03_s02__tp__mavg__04,87,ok,
PM25,PM2.5,mavg,4,PM25_mavg4,0.000253807268448,0.000325007018009092,1.00025383948024,0.999616574271899,1.0008915109655,50260,11412,56662.1867924704,56660.970662942,3,0.01,2.52999999999997,Sex__Female,Sex,Female,3,2,Moving average 4,g03_s02__PM25__mavg__04,88,ok,
PM10,PM10,mavg,4,PM10_mavg4,0.000290839182501122,0.000232875812518396,1.00029088148032,0.999834206561949,1.0007477649999,50260,11412,56661.2085339435,56659.9910660344,3,0.01,2.48000000000002,Sex__Female,Sex,Female,3,2,Moving average 4,g03_s02__PM10__mavg__04,89,ok,
O3,O3,mavg,4,O3_mavg4,0.000344249615223843,0.000264916399471767,1.00034430887592,0.999824790184063,1.0008640975232,50260,11412,56661.0579314417,56659.847765022,3,0.01,2.5,Sex__Female,Sex,Female,3,2,Moving average 4,g03_s02__O3__mavg__04,90,ok,
t2m,Temperature,lag,3,t2m_lag3,-0.000591162550580627,0.00245982392965457,0.999409012151573,0.994599998592312,1.00424127666656,10008,2262,11261.0032699698,11259.796869005,3,0.01,0.71999999999997,Period__2005-2010,Period,2005-2010,4,1,Single lag 3,g04_s01__t2m__lag__03,91,ok,
rh,Relative humidity,lag,3,rh_lag3,-0.00254586759143276,0.00173201457170308,0.997457370381064,0.994075445312249,1.00085080488997,10008,2262,11259.329974535,11258.1057857976,3,0.01,0.75,Period__2005-2010,Period,2005-2010,4,1,Single lag 3,g04_s01__rh__lag__03,92,ok,
ssr,Solar radiation,lag,3,ssr_lag3,0.000317989001522366,0.00285855459527667,1.00031803956538,0.994726600314219,1.00594090871621,10008,2262,11261.0081751536,11259.8028043477,3,0.01,0.759999999999991,Period__2005-2010,Period,2005-2010,4,1,Single lag 3,g04_s01__ssr__lag__03,93,ok,
uv,Wind speed,lag,3,uv_lag3,0.000552467150367927,0.0181237869233534,1.00055261978845,0.965618470411127,1.03675061887693,10008,2262,11261.0299604455,11259.8286468545,3,0.01,0.789999999999964,Period__2005-2010,Period,2005-2010,4,1,Single lag 3,g04_s01__uv__lag__03,94,ok,
sp,Surface pressure,lag,3,sp_lag3,-0.00355989990011349,0.00544742691068347,0.996446429031188,0.985859170911138,1.00714738664236,10008,2262,11260.9319909926,11259.7808262591,3,0.01,0.730000000000018,Period__2005-2010,Period,2005-2010,4,1,Single lag 3,g04_s01__sp__lag__03,95,ok,
tp,Total precipitation,lag,3,tp_lag3,-0.0009543727213396,0.00250494442663939,0.999046082547462,0.994150852810523,1.00396541630559,10008,2262,11260.9417207184,11259.7313725122,3,0.01,0.730000000000018,Period__2005-2010,Period,2005-2010,4,1,Single lag 3,g04_s01__tp__lag__03,96,ok,
PM25,PM2.5,lag,3,PM25_lag3,0.000437942962545472,0.00065949519460575,1.00043803887357,0.999145104031565,1.00173264708996,10008,2262,11260.4891248756,11259.2835516586,3,0.01,0.779999999999973,Period__2005-2010,Period,2005-2010,4,1,Single lag 3,g04_s01__PM25__lag__03,97,ok,
PM10,PM10,lag,3,PM10_lag3,0.000449422365531133,0.00048010741635323,1.00044952337089,0.999508100475634,1.00139183324369,10008,2262,11259.9962954536,11258.7931442337,3,0.01,0.759999999999991,Period__2005-2010,Period,2005-2010,4,1,Single lag 3,g04_s01__PM10__lag__03,98,ok,
O3,O3,lag,3,O3_lag3,-5.77178167540485e-05,0.000661016371455035,0.999942283848887,0.998647010649569,1.00123923690202,10008,2262,11261.0381291215,11259.8394450606,3,0.01,0.730000000000018,Period__2005-2010,Period,2005-2010,4,1,Single lag 3,g04_s01__O3__lag__03,99,ok,
t2m,Temperature,mavg,4,t2m_mavg4,-0.000569077010288205,0.00252928096435084,0.999431084883322,0.994486508469853,1.00440024452305,10008,2262,11261.0093381296,11259.8078412316,3,0.01,0.78000000000003,Period__2005-2010,Period,2005-2010,4,1,Moving average 4,g04_s01__t2m__mavg__04,100,ok,
rh,Relative humidity,mavg,4,rh_mavg4,-0.00282447606658906,0.0022294636105201,0.997179509013133,0.992829599933826,1.00154848087487,10008,2262,11259.922443618,11258.7193204964,3,0.01,0.800000000000011,Period__2005-2010,Period,2005-2010,4,1,Moving average 4,g04_s01__rh__mavg__04,101,ok,
ssr,Solar radiation,mavg,4,ssr_mavg4,-0.000271193588500817,0.0037721630743987,0.999728843181156,0.992361292674012,1.00715109175692,10008,2262,11261.0375019373,11259.8338071026,3,0.01,0.819999999999993,Period__2005-2010,Period,2005-2010,4,1,Moving average 4,g04_s01__ssr__mavg__04,102,ok,
uv,Wind speed,mavg,4,uv_mavg4,-0.00302674769088077,0.0255591494771931,0.996977828291965,0.948241838887722,1.04821866230217,10008,2262,11261.0341859242,11259.8356753691,3,0.01,0.759999999999991,Period__2005-2010,Period,2005-2010,4,1,Moving average 4,g04_s01__uv__mavg__04,103,ok,
sp,Surface pressure,mavg,4,sp_mavg4,-0.00364274790551848,0.00546474964818221,0.996363878851656,0.985744013227358,1.0070981585402,10008,2262,11260.9288073176,11259.7783177861,3,0.01,0.829999999999984,Period__2005-2010,Period,2005-2010,4,1,Moving average 4,g04_s01__sp__mavg__04,104,ok,
tp,Total precipitation,mavg,4,tp_mavg4,-0.00170033093605867,0.0042014851724561,0.998301113807624,0.990110201975114,1.00655978641482,10008,2262,11260.9134694251,11259.7006709487,3,0.01,0.800000000000011,Period__2005-2010,Period,2005-2010,4,1,Moving average 4,g04_s01__tp__mavg__04,105,ok,
PM25,PM2.5,mavg,4,PM25_mavg4,0.000450750308789224,0.000752235772312265,1.00045085191198,0.99897621512821,1.00192766583509,10008,2262,11260.5692255767,11259.3728743419,3,0.01,0.779999999999973,Period__2005-2010,Period,2005-2010,4,1,Moving average 4,g04_s01__PM25__mavg__04,106,ok,
PM10,PM10,mavg,4,PM10_mavg4,0.000413096888207609,0.000553535998055315,1.00041318222448,0.999327893788804,1.0014996496169,10008,2262,11260.3277824866,11259.1350082983,3,0.01,0.810000000000002,Period__2005-2010,Period,2005-2010,4,1,Moving average 4,g04_s01__PM10__mavg__04,107,ok,
O3,O3,mavg,4,O3_mavg4,-0.000152709091010249,0.000766839612084074,0.999847302568429,0.998344965347176,1.00135190020639,10008,2262,11261.0271276111,11259.8300941259,3,0.01,0.850000000000023,Period__2005-2010,Period,2005-2010,4,1,Moving average 4,g04_s01__O3__mavg__04,108,ok,
t2m,Temperature,lag,3,t2m_lag3,-0.00026956395149657,0.000891316317973569,0.999730472377601,0.997984686615697,1.00147931204957,82850,18783,93315.6239501455,93314.401325222,3,0.01,4.23000000000002,Period__2011-2019,Period,2011-2019,4,2,Single lag 3,g04_s02__t2m__lag__03,109,ok,
rh,Relative humidity,lag,3,rh_lag3,-0.000438795000451051,0.000615979015781919,0.999561301255996,0.998354686287227,1.00076937460819,82850,18783,93315.2817431733,93314.0592001302,3,0.01,4.01999999999998,Period__2011-2019,Period,2011-2019,4,2,Single lag 3,g04_s02__rh__lag__03,110,ok,
ssr,Solar radiation,lag,3,ssr_lag3,0.00121395966383672,0.000992515960250064,1.00121469681113,0.999268002341353,1.0031651836777,82850,18783,93314.1604984256,93312.9396130094,3,0.01,3.95999999999998,Period__2011-2019,Period,2011-2019,4,2,Single lag 3,g04_s02__ssr__lag__03,111,ok,
uv,Wind speed,lag,3,uv_lag3,-0.0248347438052824,0.00643487465070115,0.975471101351465,0.963239790201713,0.987857726772087,82850,18783,93300.8283231163,93299.6257679284,3,0.01,3.98000000000002,Period__2011-2019,Period,2011-2019,4,2,Single lag 3,g04_s02__uv__lag__03,112,ok,
sp,Surface pressure,lag,3,sp_lag3,-0.000215900437686924,0.0024296069321272,0.999784122867135,0.995032261621012,1.00455867716337,82850,18783,93315.6406840608,93314.4420922163,3,0.01,4.04000000000002,Period__2011-2019,Period,2011-2019,4,2,Single lag 3,g04_s02__sp__lag__03,113,ok,
tp,Total precipitation,lag,3,tp_lag3,0.000320867420246067,0.000785074652235878,1.0003209189037,0.998782156062647,1.00186205242331,82850,18783,93315.5188285347,93314.3402380255,3,0.01,4,Period__2011-2019,Period,2011-2019,4,2,Single lag 3,g04_s02__tp__lag__03,114,ok,
PM25,PM2.5,lag,3,PM25_lag3,-0.000105893545088377,0.000221161116849837,0.999894112061435,0.999460576979754,1.00032783519769,82850,18783,93315.4957078066,93314.2794824585,3,0.01,3.95000000000005,Period__2011-2019,Period,2011-2019,4,2,Single lag 3,g04_s02__PM25__lag__03,115,ok,
PM10,PM10,lag,3,PM10_lag3,-3.4336898221555e-05,0.000160149526920749,0.999965663691283,0.999651686438115,1.00027973956135,82850,18783,93315.6675799792,93314.4478751417,3,0.01,3.91999999999996,Period__2011-2019,Period,2011-2019,4,2,Single lag 3,g04_s02__PM10__lag__03,116,ok,
O3,O3,lag,3,O3_lag3,4.4543029558249e-05,0.000176762544420423,1.00004454402161,0.9996979748284,1.00039123335951,82850,18783,93315.6267877921,93314.405775234,3,0.01,3.94,Period__2011-2019,Period,2011-2019,4,2,Single lag 3,g04_s02__O3__lag__03,117,ok,
t2m,Temperature,mavg,4,t2m_mavg4,0.00041348793679315,0.000913936194079989,1.00041357343471,0.998622299602008,1.00220806035684,82850,18783,93315.4785972956,93314.2582256069,3,0.01,3.95000000000005,Period__2011-2019,Period,2011-2019,4,2,Moving average 4,g04_s02__t2m__mavg__04,118,ok,
rh,Relative humidity,mavg,4,rh_mavg4,-4.18399601574975e-06,0.000794383191651064,0.999995816012737,0.998439328505065,1.00155473004046,82850,18783,93315.6983947308,93314.4851994491,3,0.01,3.96999999999997,Period__2011-2019,Period,2011-2019,4,2,Moving average 4,g04_s02__rh__mavg__04,119,ok,
ssr,Solar radiation,mavg,4,ssr_mavg4,0.00133550689097874,0.00132340365719583,1.00133639907744,0.998741236481753,1.00393830503976,82850,18783,93314.6331507394,93313.4094251279,3,0.01,3.92000000000002,Period__2011-2019,Period,2011-2019,4,2,Moving average 4,g04_s02__ssr__mavg__04,120,ok,
uv,Wind speed,mavg,4,uv_mavg4,-0.0338213138430133,0.0091517839950369,0.966744233016749,0.949550034226672,0.984249779469163,82850,18783,93302.1694969028,93300.9571566344,3,0.01,4,Period__2011-2019,Period,2011-2019,4,2,Moving average 4,g04_s02__uv__mavg__04,121,ok,
sp,Surface pressure,mavg,4,sp_mavg4,-0.000912893894452185,0.00243399515928664,0.999087522666411,0.994330416146113,1.00386738840117,82850,18783,93315.6976565593,93314.4960546228,3,0.01,3.94,Period__2011-2019,Period,2011-2019,4,2,Moving average 4,g04_s02__sp__mavg__04,122,ok,
tp,Total precipitation,mavg,4,tp_mavg4,0.000962216848866809,0.00132218026284436,1.00096267992801,0.998370880937731,1.00356120729808,82850,18783,93315.1497593666,93313.9547248784,3,0.01,3.94,Period__2011-2019,Period,2011-2019,4,2,Moving average 4,g04_s02__tp__mavg__04,123,ok,
PM25,PM2.5,mavg,4,PM25_mavg4,0.000141689875684489,0.000249697770589622,1.00014169991417,0.999652117838497,1.00063152176788,82850,18783,93315.3536247732,93314.145585084,3,0.01,3.89999999999998,Period__2011-2019,Period,2011-2019,4,2,Moving average 4,g04_s02__PM25__mavg__04,124,ok,
PM10,PM10,mavg,4,PM10_mavg4,0.000191628488287276,0.000183731714627594,1.0001916468502,0.999831363040481,1.0005520604904,82850,18783,93314.5618624425,93313.3537569521,3,0.01,4.01000000000005,Period__2011-2019,Period,2011-2019,4,2,Moving average 4,g04_s02__PM10__mavg__04,125,ok,
O3,O3,mavg,4,O3_mavg4,8.81545835684796e-05,0.000205537347548632,1.0000881584693,0.99968516579955,1.00049131359238,82850,18783,93315.4947663373,93314.2757035988,3,0.01,4.42000000000002,Period__2011-2019,Period,2011-2019,4,2,Moving average 4,g04_s02__O3__mavg__04,126,ok,
t2m,Temperature,lag,3,t2m_lag3,0.00098399895846152,0.00134975612339545,1.00098448324427,0.998338642685866,1.00363733601478,35686,8099,40219.0591113843,40217.8371696275,3,0.01,2,Period__2020-2024,Period,2020-2024,4,3,Single lag 3,g04_s03__t2m__lag__03,127,ok,
rh,Relative humidity,lag,3,rh_lag3,-0.00296856469134096,0.00088850625201547,0.997035837140038,0.995300241429017,0.998774459713518,35686,8099,40209.1010114171,40207.8701935649,3,0.01,1.79000000000002,Period__2020-2024,Period,2020-2024,4,3,Single lag 3,g04_s03__rh__lag__03,128,ok,
ssr,Solar radiation,lag,3,ssr_lag3,0.00380715386525643,0.00154254153649178,1.00381441028138,1.00078268908767,1.00685531572613,35686,8099,40213.4057037966,40212.1863388032,3,0.01,1.91999999999996,Period__2020-2024,Period,2020-2024,4,3,Single lag 3,g04_s03__ssr__lag__03,129,ok,
uv,Wind speed,lag,3,uv_lag3,-0.0277223345850787,0.0100427373579946,0.972658402908688,0.95369139352951,0.992002627710721,35686,8099,40212.1142830078,40210.8959191071,3,0.01,1.82999999999998,Period__2020-2024,Period,2020-2024,4,3,Single lag 3,g04_s03__uv__lag__03,130,ok,
sp,Surface pressure,lag,3,sp_lag3,-0.00105580823905402,0.00444252382203756,0.99894474893036,0.990280387055712,1.0076849191564,35686,8099,40219.48565828,40218.3132931399,3,0.01,1.87,Period__2020-2024,Period,2020-2024,4,3,Single lag 3,g04_s03__sp__lag__03,131,ok,
tp,Total precipitation,lag,3,tp_lag3,-0.00170614499407759,0.00114855962991834,0.998295309643901,0.996049467430063,1.00054621563526,35686,8099,40217.4743734127,40216.2906446903,3,0.01,2.03000000000003,Period__2020-2024,Period,2020-2024,4,3,Single lag 3,g04_s03__tp__lag__03,132,ok,
PM25,PM2.5,lag,3,PM25_lag3,0.000678348296521604,0.000457712361760172,1.00067857842676,0.999780843790835,1.00157711921612,35686,8099,40217.3697569367,40216.1258098662,3,0.01,1.90000000000003,Period__2020-2024,Period,2020-2024,4,3,Single lag 3,g04_s03__PM25__lag__03,133,ok,
PM10,PM10,lag,3,PM10_lag3,0.00107515431490141,0.000344638800562607,1.0010757325005,1.00039943158538,1.00175249067131,35686,8099,40209.8763205648,40208.6265605765,3,0.01,1.89000000000004,Period__2020-2024,Period,2020-2024,4,3,Single lag 3,g04_s03__PM10__lag__03,134,ok,
O3,O3,lag,3,O3_lag3,0.000706728998031524,0.000271125283486646,1.00070697878981,1.00017509454196,1.00123914590672,35686,8099,40212.6548796469,40211.4500069098,3,0.01,1.92000000000002,Period__2020-2024,Period,2020-2024,4,3,Single lag 3,g04_s03__O3__lag__03,135,ok,
t2m,Temperature,mavg,4,t2m_mavg4,0.0016557173892131,0.00138717661904554,1.00165708884606,0.998936167968099,1.00438542120328,35686,8099,40218.1303702043,40216.9046060427,3,0.01,1.95000000000005,Period__2020-2024,Period,2020-2024,4,3,Moving average 4,g04_s03__t2m__mavg__04,136,ok,
rh,Relative humidity,mavg,4,rh_mavg4,-0.00273086479564189,0.00108568963745328,0.997272860623647,0.995151995388032,0.999398246234828,35686,8099,40213.8663885039,40212.6321900215,3,0.01,1.98000000000002,Period__2020-2024,Period,2020-2024,4,3,Moving average 4,g04_s03__rh__mavg__04,137,ok,
ssr,Solar radiation,mavg,4,ssr_mavg4,0.0058139606541082,0.00200087990290944,1.00583089452507,1.00189222175072,1.00978505145669,35686,8099,40210.9819873552,40209.7554164875,3,0.01,2,Period__2020-2024,Period,2020-2024,4,3,Moving average 4,g04_s03__ssr__mavg__04,138,ok,
uv,Wind speed,mavg,4,uv_mavg4,-0.0505284982699816,0.0145881209268317,0.950726834216256,0.923915781226422,0.978315914044095,35686,8099,40207.8072780587,40206.5719880608,3,0.01,1.94999999999999,Period__2020-2024,Period,2020-2024,4,3,Moving average 4,g04_s03__uv__mavg__04,139,ok,
sp,Surface pressure,mavg,4,sp_mavg4,-0.0032044462251961,0.0044495376230003,0.99680068253287,0.988141326801968,1.00553592278681,35686,8099,40219.5440598835,40218.3645324997,3,0.01,1.91000000000003,Period__2020-2024,Period,2020-2024,4,3,Moving average 4,g04_s03__sp__mavg__04,140,ok,
tp,Total precipitation,mavg,4,tp_mavg4,-0.00424676741641816,0.0017401259244486,0.995762237348769,0.992370273426897,0.999165795025341,35686,8099,40213.6789432396,40212.4886804163,3,0.01,1.91000000000003,Period__2020-2024,Period,2020-2024,4,3,Moving average 4,g04_s03__tp__mavg__04,141,ok,
PM25,PM2.5,mavg,4,PM25_mavg4,0.00118506518896176,0.000524000691520944,1.00118576765618,1.00015756426526,1.00221502819122,35686,8099,40214.4394252108,40213.2049992659,3,0.01,1.88,Period__2020-2024,Period,2020-2024,4,3,Moving average 4,g04_s03__PM25__mavg__04,142,ok,
PM10,PM10,mavg,4,PM10_mavg4,0.00141701896055425,0.000404362106809846,1.00141802340631,1.00062429981652,1.00221237670361,35686,8099,40207.2837653314,40206.0464788333,3,0.01,1.85000000000002,Period__2020-2024,Period,2020-2024,4,3,Moving average 4,g04_s03__PM10__mavg__04,143,ok,
O3,O3,mavg,4,O3_mavg4,0.000833764860345899,0.000316486406632849,1.00083411253889,1.00021318914494,1.0014554214352,35686,8099,40212.4689345799,40211.2657482667,3,0.01,1.88999999999999,Period__2020-2024,Period,2020-2024,4,3,Moving average 4,g04_s03__O3__mavg__04,144,ok,
t2m,Temperature,lag,3,t2m_lag3,0.00437834920532723,0.00201526194610756,1.00438794818032,1.00042671150391,1.00836486975851,39632,8956,44555.5393780466,44554.3161049556,3,0.01,2.03999999999996,Season__Spring,Season,Spring,5,1,Single lag 3,g05_s01__t2m__lag__03,145,ok,
rh,Relative humidity,lag,3,rh_lag3,-0.00189859458854004,0.000950939340590805,0.998103206602075,0.996243780105217,0.999966103844248,39632,8956,44556.8992557996,44555.6675876383,3,0.01,1.99999999999994,Season__Spring,Season,Spring,5,1,Single lag 3,g05_s01__rh__lag__03,146,ok,
ssr,Solar radiation,lag,3,ssr_lag3,0.00407372188302574,0.00138227301179131,1.00408203076688,1.00136415122517,1.00680728715795,39632,8956,44551.6322488725,44550.4155569568,3,0.01,1.97000000000003,Season__Spring,Season,Spring,5,1,Single lag 3,g05_s01__ssr__lag__03,147,ok,
uv,Wind speed,lag,3,uv_lag3,-0.0236604080227969,0.00929673860897024,0.976617304852731,0.958974887502568,0.994584292347407,39632,8956,44554.1150365079,44552.9103301722,3,0.01,2.02999999999997,Season__Spring,Season,Spring,5,1,Single lag 3,g05_s01__uv__lag__03,148,ok,
sp,Surface pressure,lag,3,sp_lag3,-0.00120212859161612,0.00375384737131326,0.998798593675511,0.991473507617022,1.00617779832908,39632,8956,44560.4543845223,44559.2684161148,3,0.01,2.04999999999995,Season__Spring,Season,Spring,5,1,Single lag 3,g05_s01__sp__lag__03,149,ok,
tp,Total precipitation,lag,3,tp_lag3,-0.00170373740388758,0.00105253003608853,0.998297713132788,0.996239444241593,1.00036023447376,39632,8956,44557.915347476,44556.725897816,3,0.01,1.98000000000002,Season__Spring,Season,Spring,5,1,Single lag 3,g05_s01__tp__lag__03,150,ok,
PM25,PM2.5,lag,3,PM25_lag3,-0.000393844418370266,0.000480101928796063,0.999606233128162,0.998665614396677,1.00054773780276,39632,8956,44559.8877037379,44558.6625663256,3,0.01,2.00999999999999,Season__Spring,Season,Spring,5,1,Single lag 3,g05_s01__PM25__lag__03,151,ok,
PM10,PM10,lag,3,PM10_lag3,6.54656963640694e-05,0.000262434703665284,1.00006546783929,0.999550958124072,1.00058024240441,39632,8956,44560.419667209,44559.1873251971,3,0.01,2.04999999999995,Season__Spring,Season,Spring,5,1,Single lag 3,g05_s01__PM10__lag__03,152,ok,
O3,O3,lag,3,O3_lag3,0.000930782874210792,0.000296526550250349,1.00093121618702,1.0003493847456,1.00151338605349,39632,8956,44550.3957627516,44549.1865562182,3,0.01,2.05999999999995,Season__Spring,Season,Spring,5,1,Single lag 3,g05_s01__O3__lag__03,153,ok,
t2m,Temperature,mavg,4,t2m_mavg4,0.00785633260721734,0.00226562561899368,1.00788727456526,1.00341949887601,1.01237494370919,39632,8956,44547.9767195858,44546.7555397748,3,0.01,2.02999999999997,Season__Spring,Season,Spring,5,1,Moving average 4,g05_s01__t2m__mavg__04,154,ok,
rh,Relative humidity,mavg,4,rh_mavg4,-0.00260664611973435,0.00134015957612973,0.99739674823233,0.994779110466703,1.00002127426347,39632,8956,44557.2377354091,44556.006295664,3,0.01,2.06000000000006,Season__Spring,Season,Spring,5,1,Moving average 4,g05_s01__rh__mavg__04,155,ok,
ssr,Solar radiation,mavg,4,ssr_mavg4,0.0080741090839381,0.00215768149213871,1.00810679260691,1.00385050395322,1.01238112790966,39632,8956,44546.1349321917,44544.9012048921,3,0.01,2.0200000000001,Season__Spring,Season,Spring,5,1,Moving average 4,g05_s01__ssr__mavg__04,156,ok,
uv,Wind speed,mavg,4,uv_mavg4,-0.0140142950663201,0.0142936462040249,0.986083448033822,0.95882882048761,1.01411278555001,39632,8956,44559.6140653404,44558.4011065916,3,0.01,2.03000000000009,Season__Spring,Season,Spring,5,1,Moving average 4,g05_s01__uv__mavg__04,157,ok,
sp,Surface pressure,mavg,4,sp_mavg4,-0.00244288691858921,0.00376775786412965,0.997560094501408,0.99021708080495,1.00495756092711,39632,8956,44560.4467081497,44559.2554358381,3,0.01,2.0200000000001,Season__Spring,Season,Spring,5,1,Moving average 4,g05_s01__sp__mavg__04,158,ok,
tp,Total precipitation,mavg,4,tp_mavg4,-0.00272489195729909,0.00202173206378942,0.997278817191016,0.993333015565717,1.00124029261706,39632,8956,44558.736934693,44557.5278850466,3,0.01,2.03000000000009,Season__Spring,Season,Spring,5,1,Moving average 4,g05_s01__tp__mavg__04,159,ok,
PM25,PM2.5,mavg,4,PM25_mavg4,-0.00016196214710656,0.000558500778408374,0.999838050968054,0.998743663069088,1.00093363806225,39632,8956,44560.4405573013,44559.2163564939,3,0.01,2.03000000000009,Season__Spring,Season,Spring,5,1,Moving average 4,g05_s01__PM25__mavg__04,160,ok,
PM10,PM10,mavg,4,PM10_mavg4,0.000199302480227507,0.00031519898569267,1.00019932234229,0.999581316210519,1.00081771058461,39632,8956,44560.0498001121,44558.8248764915,3,0.01,2.06000000000006,Season__Spring,Season,Spring,5,1,Moving average 4,g05_s01__PM10__mavg__04,161,ok,
O3,O3,mavg,4,O3_mavg4,0.00120483030058736,0.000389207190910667,1.00120555640019,1.00044173115342,1.00196996485921,39632,8956,44550.5678109513,44549.3487076629,3,0.01,2,Season__Spring,Season,Spring,5,1,Moving average 4,g05_s01__O3__mavg__04,162,ok,
t2m,Temperature,lag,3,t2m_lag3,-0.0120860961809893,0.00399974675843815,0.987986647322871,0.980268070722792,0.995765999044326,28367,6447,31996.5316606122,31995.3021300834,3,0.01,1.6099999999999,Season__Summer,Season,Summer,5,2,Single lag 3,g05_s02__t2m__lag__03,163,ok,
rh,Relative humidity,lag,3,rh_lag3,0.00131250134081104,0.0012918628679677,1.00131336304765,0.998780031412834,1.00385312082997,28367,6447,32003.4968818727,32002.291796641,3,0.01,1.61000000000001,Season__Summer,Season,Summer,5,2,Single lag 3,g05_s02__rh__lag__03,164,ok,
ssr,Solar radiation,lag,3,ssr_lag3,-0.00302042099071987,0.00178571469925446,0.996984135891705,0.993499191841389,1.00048130420503,28367,6447,32002.1287137923,32000.915368751,3,0.01,1.54999999999995,Season__Summer,Season,Summer,5,2,Single lag 3,g05_s02__ssr__lag__03,165,ok,
uv,Wind speed,lag,3,uv_lag3,-0.0234776886836633,0.011484407472116,0.9767957680251,0.955044375607256,0.999042553852113,28367,6447,32000.7661492977,31999.5382834941,3,0.01,1.62,Season__Summer,Season,Summer,5,2,Single lag 3,g05_s02__uv__lag__03,166,ok,
sp,Surface pressure,lag,3,sp_lag3,-0.00305064561990166,0.00432970906158233,0.99695400287128,0.988525563817404,1.00545430557804,28367,6447,32004.759975559,32003.5654230924,3,0.01,1.59000000000003,Season__Summer,Season,Summer,5,2,Single lag 3,g05_s02__sp__lag__03,167,ok,
tp,Total precipitation,lag,3,tp_lag3,0.00171203756260203,0.000883991509970059,1.00171350393562,0.99997861811679,1.00345139966043,28367,6447,32001.0756472554,31999.8397815225,3,0.01,1.6400000000001,Season__Summer,Season,Summer,5,2,Single lag 3,g05_s02__tp__lag__03,168,ok,
PM25,PM2.5,lag,3,PM25_lag3,-3.03840411661566e-05,0.000695988419215035,0.999969616420424,0.998605824452877,1.0013352709042,28367,6447,32004.8489409633,32003.6098506366,3,0.01,1.61000000000001,Season__Summer,Season,Summer,5,2,Single lag 3,g05_s02__PM25__lag__03,169,ok,
PM10,PM10,lag,3,PM10_lag3,-6.7304531281592e-05,0.000437474506864849,0.999932697733618,0.999075279162527,1.00079085215017,28367,6447,32004.8369024768,32003.604411703,3,0.01,1.63,Season__Summer,Season,Summer,5,2,Single lag 3,g05_s02__PM10__lag__03,170,ok,
O3,O3,lag,3,O3_lag3,9.02251726042751e-05,0.000368082671642737,1.00009022924302,0.999368651117088,1.00081232872246,28367,6447,32004.7639429744,32003.5568994354,3,0.01,1.63999999999999,Season__Summer,Season,Summer,5,2,Single lag 3,g05_s02__O3__lag__03,171,ok,
t2m,Temperature,mavg,4,t2m_mavg4,-0.0129291410817812,0.00467377937123134,0.987154081212413,0.978148324654248,0.996242752615192,28367,6447,31998.0347462682,31996.8080144402,3,0.01,1.61000000000001,Season__Summer,Season,Summer,5,2,Moving average 4,g05_s02__t2m__mavg__04,172,ok,
rh,Relative humidity,mavg,4,rh_mavg4,0.00142643205031263,0.00161842038274,1.00142744988841,0.998254395870754,1.00461059047498,28367,6447,32003.7119722625,32002.5014218937,3,0.01,1.63,Season__Summer,Season,Summer,5,2,Moving average 4,g05_s02__rh__mavg__04,173,ok,
ssr,Solar radiation,mavg,4,ssr_mavg4,-0.00304096724291729,0.002697543707165,0.996963651814648,0.991704020213939,1.00225117853005,28367,6447,32003.7167379246,32002.4841291627,3,0.01,1.61000000000001,Season__Summer,Season,Summer,5,2,Moving average 4,g05_s02__ssr__mavg__04,174,ok,
uv,Wind speed,mavg,4,uv_mavg4,-0.0272409976902632,0.0151882404123442,0.973126691977422,0.944571747607709,1.0025448677296,28367,6447,32001.7563366381,32000.5306760492,3,0.01,1.55999999999995,Season__Summer,Season,Summer,5,2,Moving average 4,g05_s02__uv__mavg__04,175,ok,
sp,Surface pressure,mavg,4,sp_mavg4,-0.003436332203723,0.00433499818587285,0.996569565228671,0.98813412781774,1.00507701413428,28367,6447,32004.7120318517,32003.5163987111,3,0.01,1.63999999999999,Season__Summer,Season,Summer,5,2,Moving average 4,g05_s02__sp__mavg__04,176,ok,
tp,Total precipitation,mavg,4,tp_mavg4,0.0018242426509545,0.00145875361964314,1.00182590759385,0.998964308174882,1.00469570425435,28367,6447,32003.2240949719,32001.9943964785,3,0.01,1.61000000000001,Season__Summer,Season,Summer,5,2,Moving average 4,g05_s02__tp__mavg__04,177,ok,
PM25,PM2.5,mavg,4,PM25_mavg4,0.000304792203148084,0.00077025327028529,1.00030483865701,0.998795128381909,1.00181683093708,28367,6447,32004.6541169674,32003.4299892958,3,0.01,1.58000000000004,Season__Summer,Season,Summer,5,2,Moving average 4,g05_s02__PM25__mavg__04,178,ok,
PM10,PM10,mavg,4,PM10_mavg4,0.000129815218241136,0.000489285790785676,1.0001298236446,0.999170718359162,1.00108984959785,28367,6447,32004.7513377231,32003.5277043825,3,0.01,1.61000000000001,Season__Summer,Season,Summer,5,2,Moving average 4,g05_s02__PM10__mavg__04,179,ok,
O3,O3,mavg,4,O3_mavg4,0.00052461976222222,0.000473688080218257,1.00052475739924,0.99959584635716,1.00145453216887,28367,6447,32003.4663777469,32002.2499303433,3,0.01,1.62,Season__Summer,Season,Summer,5,2,Moving average 4,g05_s02__O3__mavg__04,180,ok,
t2m,Temperature,lag,3,t2m_lag3,-0.00747869864022099,0.00220046519117647,0.992549197241505,0.988275678799864,0.996841194563796,27664,6323,31305.7552342703,31304.5279235047,3,0.01,1.53999999999996,Season__Autumn,Season,Autumn,5,3,Single lag 3,g05_s03__t2m__lag__03,181,ok,
rh,Relative humidity,lag,3,rh_lag3,-0.00197291714578001,0.000972954475837728,0.998029027775985,0.996126736437276,0.999934952512879,27664,6323,31313.2105551506,31311.9817087953,3,0.01,1.63999999999999,Season__Autumn,Season,Autumn,5,3,Single lag 3,g05_s03__rh__lag__03,182,ok,
ssr,Solar radiation,lag,3,ssr_lag3,-0.000168026077696929,0.00203655765860708,0.999831988037894,0.995847133411156,1.00383278791592,27664,6323,31316.9495928972,31315.7085736803,3,0.01,1.68000000000006,Season__Autumn,Season,Autumn,5,3,Single lag 3,g05_s03__ssr__lag__03,183,ok,
uv,Wind speed,lag,3,uv_lag3,-0.0113555515506607,0.0108963064872845,0.988708679369114,0.967807448575303,1.01006130247297,27664,6323,31315.9345145103,31314.7173394328,3,0.01,1.57000000000005,Season__Autumn,Season,Autumn,5,3,Single lag 3,g05_s03__uv__lag__03,184,ok,
sp,Surface pressure,lag,3,sp_lag3,1.58243679303191e-05,0.00417503329417405,1.00001582449314,0.991862290443642,1.00823638498714,27664,6323,31316.6051874915,31315.4245806348,3,0.01,1.53999999999996,Season__Autumn,Season,Autumn,5,3,Single lag 3,g05_s03__sp__lag__03,185,ok,
tp,Total precipitation,lag,3,tp_lag3,-0.00364633613569887,0.00249280752439664,0.996360303675129,0.991501830852397,1.00124258355115,27664,6323,31314.8625179518,31313.6690445268,3,0.01,1.55999999999995,Season__Autumn,Season,Autumn,5,3,Single lag 3,g05_s03__tp__lag__03,186,ok,
PM25,PM2.5,lag,3,PM25_lag3,0.00052220120692643,0.000464887118041484,1.00052233757771,0.99961067948537,1.0014348271305,27664,6323,31315.6018646525,31314.3642563644,3,0.01,1.56999999999994,Season__Autumn,Season,Autumn,5,3,Single lag 3,g05_s03__PM25__lag__03,187,ok,
PM10,PM10,lag,3,PM10_lag3,0.000461775926339899,0.000325066922038889,1.00046188256126,0.999824367366423,1.00109980427618,27664,6323,31314.8212266384,31313.5866168748,3,0.01,1.62,Season__Autumn,Season,Autumn,5,3,Single lag 3,g05_s03__PM10__lag__03,188,ok,
O3,O3,lag,3,O3_lag3,-0.000280581395706145,0.00027474453457392,0.999719457963572,0.999181007367002,1.00025819870658,27664,6323,31315.9876202465,31314.7504191389,3,0.01,1.57999999999993,Season__Autumn,Season,Autumn,5,3,Single lag 3,g05_s03__O3__lag__03,189,ok,
t2m,Temperature,mavg,4,t2m_mavg4,-0.00727302616714128,0.0023527937909747,0.992753358283989,0.988183744926387,0.997344101871554,27664,6323,31307.7311430879,31306.5143412232,3,0.01,1.54999999999995,Season__Autumn,Season,Autumn,5,3,Moving average 4,g05_s03__t2m__mavg__04,190,ok,
rh,Relative humidity,mavg,4,rh_mavg4,-0.00120378827444458,0.00117497050436484,0.998796935988011,0.996498356549596,1.00110081817012,27664,6323,31316.1256040863,31314.9040211772,3,0.01,1.54999999999995,Season__Autumn,Season,Autumn,5,3,Moving average 4,g05_s03__rh__mavg__04,191,ok,
ssr,Solar radiation,mavg,4,ssr_mavg4,-0.00210490734676685,0.00264409193343364,0.997897306417174,0.992736796066883,1.00308464244025,27664,6323,31316.3866378612,31315.151528803,3,0.01,1.54999999999995,Season__Autumn,Season,Autumn,5,3,Moving average 4,g05_s03__ssr__mavg__04,192,ok,
uv,Wind speed,mavg,4,uv_mavg4,-0.0445068149147137,0.0152624129798117,0.956469081816191,0.9282679068367,0.98552701662789,27664,6323,31308.6391744396,31307.4001249859,3,0.01,1.54999999999995,Season__Autumn,Season,Autumn,5,3,Moving average 4,g05_s03__uv__mavg__04,193,ok,
sp,Surface pressure,mavg,4,sp_mavg4,-0.000621756498733272,0.00418147361896019,0.999378436751785,0.991217581539144,1.00760648242622,27664,6323,31316.759266316,31315.5762930285,3,0.01,1.65999999999997,Season__Autumn,Season,Autumn,5,3,Moving average 4,g05_s03__sp__mavg__04,194,ok,
tp,Total precipitation,mavg,4,tp_mavg4,-0.00612253081237236,0.00406545717499339,0.993896173686976,0.986004373076742,1.00185113867951,27664,6323,31314.738886322,31313.5066481099,3,0.01,1.63999999999999,Season__Autumn,Season,Autumn,5,3,Moving average 4,g05_s03__tp__mavg__04,195,ok,
PM25,PM2.5,mavg,4,PM25_mavg4,0.000779906112690555,0.000541531779477301,1.00078021031854,0.999718055782718,1.00184349340899,27664,6323,31314.7583920752,31313.5200855449,3,0.01,1.59999999999991,Season__Autumn,Season,Autumn,5,3,Moving average 4,g05_s03__PM25__mavg__04,196,ok,
PM10,PM10,mavg,4,PM10_mavg4,0.000583701491261536,0.000368120970806204,1.00058387187813,0.999861862344399,1.00130640283866,27664,6323,31314.3005098457,31313.0638759272,3,0.01,1.53999999999996,Season__Autumn,Season,Autumn,5,3,Moving average 4,g05_s03__PM10__mavg__04,197,ok,
O3,O3,mavg,4,O3_mavg4,-0.00027062177518161,0.000313202884738289,0.999729414839588,0.999115609726957,1.00034359703059,27664,6323,31316.2804070045,31315.0556614953,3,0.01,1.54999999999995,Season__Autumn,Season,Autumn,5,3,Moving average 4,g05_s03__O3__mavg__04,198,ok,
t2m,Temperature,lag,3,t2m_lag3,0.00567894870892206,0.00316130754767457,1.00569510450631,0.999480073388532,1.01194878242688,32894,7421,36931.8467621512,36930.6429307881,3,0.01,1.81000000000006,Season__Winter,Season,Winter,5,4,Single lag 3,g05_s04__t2m__lag__03,199,ok,
rh,Relative humidity,lag,3,rh_lag3,-0.00192797172480329,0.000891935706825284,0.998073885618856,0.996329782751167,0.999821041919665,32894,7421,36930.8724689604,36929.6561358966,3,0.01,1.79000000000008,Season__Winter,Season,Winter,5,4,Single lag 3,g05_s04__rh__lag__03,200,ok,
ssr,Solar radiation,lag,3,ssr_lag3,0.00855217384446343,0.00242827096530384,1.00858884815701,1.00379776865324,1.01340279531712,32894,7421,36922.5471417303,36921.3415629342,3,0.01,1.79000000000008,Season__Winter,Season,Winter,5,4,Single lag 3,g05_s04__ssr__lag__03,201,ok,
uv,Wind speed,lag,3,uv_lag3,-0.033465478650562,0.0102994618549929,0.967088295848157,0.947752674819538,0.986818392664539,32894,7421,36924.7187404405,36923.5273536692,3,0.01,1.79000000000008,Season__Winter,Season,Winter,5,4,Single lag 3,g05_s04__uv__lag__03,202,ok,
sp,Surface pressure,lag,3,sp_lag3,-0.00032284604038822,0.00387352463251968,0.999677206068787,0.992112824893855,1.00729926263438,32894,7421,36934.971395555,36933.8030807558,3,0.01,1.78000000000009,Season__Winter,Season,Winter,5,4,Single lag 3,g05_s04__sp__lag__03,203,ok,
tp,Total precipitation,lag,3,tp_lag3,-0.00743068342391973,0.00302578989233741,0.99259685585006,0.98672494385866,0.998503710990356,32894,7421,36929.0743103268,36927.9093119491,3,0.01,1.83000000000004,Season__Winter,Season,Winter,5,4,Single lag 3,g05_s04__tp__lag__03,204,ok,
PM25,PM2.5,lag,3,PM25_lag3,0.000201633956896189,0.000294317912261915,1.00020165428639,0.999624576216728,1.00077906551589,32894,7421,36934.6655758919,36933.4464030656,3,0.01,2.46000000000004,Season__Winter,Season,Winter,5,4,Single lag 3,g05_s04__PM25__lag__03,205,ok,
PM10,PM10,lag,3,PM10_lag3,0.000291241245462504,0.000224070617359226,1.00029128366031,0.999851871968404,1.00073088848269,32894,7421,36933.3987120484,36932.17697832,3,0.01,1.76999999999998,Season__Winter,Season,Winter,5,4,Single lag 3,g05_s04__PM10__lag__03,206,ok,
O3,O3,lag,3,O3_lag3,0.000501348330961404,0.000469443554104272,1.00050147402704,0.999580903924201,1.0014228919352,32894,7421,36933.9598733633,36932.7576420823,3,0.01,1.81999999999994,Season__Winter,Season,Winter,5,4,Single lag 3,g05_s04__O3__lag__03,207,ok,
t2m,Temperature,mavg,4,t2m_mavg4,0.0120872673743591,0.00366750560397234,1.01216061361127,1.00490765601335,1.01946591993025,32894,7421,36924.074231231,36922.8700622637,3,0.01,1.77999999999997,Season__Winter,Season,Winter,5,4,Moving average 4,g05_s04__t2m__mavg__04,208,ok,
rh,Relative humidity,mavg,4,rh_mavg4,-0.00153313938188702,0.00115006657650467,0.998468035275914,0.996218860886882,1.00072228803179,32894,7421,36933.6942763484,36932.4928193548,3,0.01,1.89999999999998,Season__Winter,Season,Winter,5,4,Moving average 4,g05_s04__rh__mavg__04,209,ok,
ssr,Solar radiation,mavg,4,ssr_mavg4,0.0105578931744246,0.00338237842014473,1.01061382439387,1.00393309901637,1.01733900713378,32894,7421,36925.1692080373,36923.974366562,3,0.01,1.88999999999999,Season__Winter,Season,Winter,5,4,Moving average 4,g05_s04__ssr__mavg__04,210,ok,
uv,Wind speed,mavg,4,uv_mavg4,-0.0575353669357514,0.0147070902939468,0.94408850027864,0.917250643565414,0.971711603195433,32894,7421,36920.0913732453,36918.8837192894,3,0.01,1.84000000000003,Season__Winter,Season,Winter,5,4,Moving average 4,g05_s04__uv__mavg__04,211,ok,
sp,Surface pressure,mavg,4,sp_mavg4,-0.00165829540570334,0.00387915336407511,0.998343078806401,0.990777857002049,1.00596606639028,32894,7421,36935.1448955517,36933.9706047704,3,0.01,1.80999999999995,Season__Winter,Season,Winter,5,4,Moving average 4,g05_s04__sp__mavg__04,212,ok,
tp,Total precipitation,mavg,4,tp_mavg4,-0.0171465946658942,0.00478725669798201,0.982999571578295,0.973815001293345,0.992270766104779,32894,7421,36922.0572669676,36920.8747925638,3,0.01,1.78999999999996,Season__Winter,Season,Winter,5,4,Moving average 4,g05_s04__tp__mavg__04,213,ok,
PM25,PM2.5,mavg,4,PM25_mavg4,0.000723867245766444,0.000352362641324536,1.00072412930089,1.00003291961794,1.00141581678903,32894,7421,36930.8133832194,36929.6069714439,3,0.01,1.74000000000001,Season__Winter,Season,Winter,5,4,Moving average 4,g05_s04__PM25__mavg__04,214,ok,
PM10,PM10,mavg,4,PM10_mavg4,0.000697697753470571,0.000260802233864074,1.00069794120116,1.00018630781848,1.00120983635999,32894,7421,36927.8360949165,36926.6289404985,3,0.01,1.87,Season__Winter,Season,Winter,5,4,Moving average 4,g05_s04__PM10__mavg__04,215,ok,
O3,O3,mavg,4,O3_mavg4,0.000580660388250807,0.000593136225544101,1.00058082900413,0.999417748648622,1.00174526290443,32894,7421,36934.1263992497,36932.9473826449,3,0.01,1.85000000000002,Season__Winter,Season,Winter,5,4,Moving average 4,g05_s04__O3__mavg__04,216,ok,
