variable,exposure,exposure_type,window,term,coefficient,coefficient_sd,RR,lower_95_CrI,upper_95_CrI,n_rows,n_strata,DIC,WAIC,pc_prior_U,pc_prior_alpha,elapsed_seconds,group_key,group_type,subgroup,group_order,subgroup_order,window_label,model_key,specification_order,status,error_message,exposure_IQR,RR_per_IQR,lower_95_CrI_per_IQR,upper_95_CrI_per_IQR,interval_excludes_one
O3,O3,lag,3,O3_lag3,0.000236004492980835,0.000143488968002763,1.00023603234423,0.999954637886338,1.00051750598864,128557,29147,144788.03575048,144786.818059586,3,0.01,6.25999999999999,Overall__Overall,Overall,Overall,1,1,Single lag 3,g01_s01__O3__lag__03,9,ok,,56.6000008434055,1.01344746921575,0.997435739440508,1.02971623358975,FALSE
PM10,PM10,lag,3,PM10_lag3,0.000152264339705391,0.000128623573523048,1.00015227593251,0.999900051264227,1.00040456422567,128557,29147,144789.362314885,144788.133570522,3,0.01,6.26,Overall__Overall,Overall,Overall,1,1,Single lag 3,g01_s01__PM10__lag__03,8,ok,,56.8000008463855,1.0086861219424,0.994338713816006,1.02324055026081,FALSE
PM25,PM2.5,lag,3,PM25_lag3,6.22180513465182e-05,0.000180485645731549,1.00006221998693,0.999708346139668,1.00041621909841,128557,29147,144790.672976012,144789.448375307,3,0.01,6.63,Overall__Overall,Overall,Overall,1,1,Single lag 3,g01_s01__PM25__lag__03,7,ok,,37.0000005513429,1.00230471972699,0.989265265997182,1.01551604585142,FALSE
rh,Relative humidity,lag,3,rh_lag3,-0.00130190112202406,0.000485291594663579,0.998698945983586,0.997749027450768,0.999649768924586,128557,29147,144783.87730516,144782.651417476,3,0.01,6.39,Overall__Overall,Overall,Overall,1,1,Single lag 3,g01_s01__rh__lag__03,2,ok,,17.18145366,0.977879767327221,0.96202140876049,0.993999542096982,TRUE
sp,Surface pressure,lag,3,sp_lag3,0.000368686234679003,0.00207081895321163,1.0003687542078,0.996314822667039,1.00443918095763,128557,29147,144790.582667411,144789.380545235,3,0.01,6.05,Overall__Overall,Overall,Overall,1,1,Single lag 3,g01_s01__sp__lag__03,5,ok,,2.07363911,1.00076481451713,0.992373388227537,1.00922719813113,FALSE
ssr,Solar radiation,lag,3,ssr_lag3,0.00187009355000193,0.000800292587251958,1.00187184326549,1.00030084440244,1.00344530942665,128557,29147,144785.273281372,144784.05017573,3,0.01,6.56,Overall__Overall,Overall,Overall,1,1,Single lag 3,g01_s01__ssr__lag__03,3,ok,,11.998729418,1.02269238875026,1.00361572873707,1.04213165666597,TRUE
t2m,Temperature,lag,3,t2m_lag3,0.000100979666907986,0.000710338880556092,1.00010098476553,0.998708909744994,1.00149500016276,128557,29147,144790.778939608,144789.554897316,3,0.01,7.46,Overall__Overall,Overall,Overall,1,1,Single lag 3,g01_s01__t2m__lag__03,1,ok,,13.983680085,1.00141306479367,0.982096351401024,1.021109715854,FALSE
tp,Total precipitation,lag,3,tp_lag3,-0.000344711142317624,0.000627934172969252,0.999655348263742,0.998425213499827,1.00088699864514,128557,29147,144790.519805982,144789.338481891,3,0.01,6.67,Overall__Overall,Overall,Overall,1,1,Single lag 3,g01_s01__tp__lag__03,6,ok,,4.379950403,0.99849132149464,0.993120846940689,1.00389083782473,FALSE
uv,Wind speed,lag,3,uv_lag3,-0.0233371253652307,0.00518850852923147,0.976933079329925,0.967044006752322,0.986923278356251,128557,29147,144770.550059013,144769.339838094,3,0.01,6.08,Overall__Overall,Overall,Overall,1,1,Single lag 3,g01_s01__uv__lag__03,4,ok,,1.556368727,0.964330527684402,0.949180876095455,0.979721979232791,TRUE
O3,O3,mavg,4,O3_mavg4,0.000298486711551588,0.000166699223672892,1.00029853126314,0.999971606470053,1.00062556294,128557,29147,144787.518721897,144786.303026873,3,0.01,6.19,Overall__Overall,Overall,Overall,1,1,Moving average 4,g01_s01__O3__mavg__04,18,ok,,50.3200007498265,1.01513321638257,0.998572237491686,1.03196885348928,FALSE
PM10,PM10,mavg,4,PM10_mavg4,0.000320637608646556,0.000144615765545557,1.00032068901838,1.00003706112295,1.00060439735839,128557,29147,144785.822463705,144784.603758396,3,0.01,6.10000000000001,Overall__Overall,Overall,Overall,1,1,Moving average 4,g01_s01__PM10__mavg__04,17,ok,,53.1800007924439,1.01719771508257,1.00197281747545,1.03265395395563,TRUE
PM25,PM2.5,mavg,4,PM25_mavg4,0.000292836639699049,0.000201352236194199,1.00029287952053,0.999898010076554,1.00068790490512,128557,29147,144788.643221071,144787.426240566,3,0.01,6.11,Overall__Overall,Overall,Overall,1,1,Moving average 4,g01_s01__PM25__mavg__04,16,ok,,34.8400005191564,1.01025465090136,0.996452796045385,1.02424767517209,FALSE
rh,Relative humidity,mavg,4,rh_mavg4,-0.000998700288724141,0.000614828871094822,0.999001798246433,0.997798109014317,1.00020693957676,128557,29147,144788.367555602,144787.147805889,3,0.01,6.09999999999999,Overall__Overall,Overall,Overall,1,1,Moving average 4,g01_s01__rh__mavg__04,11,ok,,12.759896014,0.987337540358997,0.97226500037683,1.00264374284444,FALSE
sp,Surface pressure,mavg,4,sp_mavg4,-0.000608113660675651,0.00207439381315146,0.999392071202962,0.995335120334732,1.00346555811187,128557,29147,144790.802725765,144789.596109716,3,0.01,6.27,Overall__Overall,Overall,Overall,1,1,Moving average 4,g01_s01__sp__mavg__04,14,ok,,2.05165795800001,0.998753136749447,0.99045273696248,1.00712309739477,FALSE
ssr,Solar radiation,mavg,4,ssr_mavg4,0.00250454388535785,0.00105737738888217,1.00250768287543,1.00043122464789,1.0045884509332,128557,29147,144785.098818346,144783.871918238,3,0.01,6.08,Overall__Overall,Overall,Overall,1,1,Moving average 4,g01_s01__ssr__mavg__04,12,ok,,8.2547768,1.02088964768403,1.0035652363218,1.03851312810877,TRUE
t2m,Temperature,mavg,4,t2m_mavg4,0.000724980882642061,0.000728808841566537,1.0007252437448,0.999296106875714,1.002156424489,128557,29147,144789.779358343,144788.556163926,3,0.01,6.20999999999999,Overall__Overall,Overall,Overall,1,1,Moving average 4,g01_s01__t2m__mavg__04,10,ok,,13.833236441,1.01007928923485,0.990306736917492,1.03024662214943,FALSE
tp,Total precipitation,mavg,4,tp_mavg4,-0.000963131353085863,0.0010174861167164,0.999037332309048,0.997046050798995,1.00103259076419,128557,29147,144789.930671919,144788.733445015,3,0.01,6.12000000000001,Overall__Overall,Overall,Overall,1,1,Moving average 4,g01_s01__tp__mavg__04,15,ok,,5.62015891,0.994601672367551,0.983511220422546,1.00581718450084,FALSE
uv,Wind speed,mavg,4,uv_mavg4,-0.0352481675422115,0.00740836363793778,0.965365814066641,0.951443252599994,0.979492105613614,128557,29147,144768.246572364,144767.024758208,3,0.01,6.58,Overall__Overall,Overall,Overall,1,1,Moving average 4,g01_s01__uv__mavg__04,13,ok,,1.0591970682,0.96335359323981,0.9486439056938,0.978291369316192,TRUE
O3,O3,lag,3,O3_lag3,8.2600357447168e-05,0.000206421135427733,1.00008260376895,0.999677880873848,1.00048749051653,63647,14422,71669.5470914666,71668.332492036,3,0.01,3.11000000000001,Age__Age <6,Age,Age <6,2,1,Single lag 3,g02_s01__O3__lag__03,27,ok,,56.1000008359547,1.00464463314732,0.982088557087539,1.02771876484595,FALSE
PM10,PM10,lag,3,PM10_lag3,-2.264591246621e-05,0.000185418406379769,0.999977354343951,0.999613841560202,1.00034099932088,63647,14422,71669.7225673092,71668.4976872169,3,0.01,3.11000000000001,Age__Age <6,Age,Age <6,2,1,Single lag 3,g02_s01__PM10__lag__03,26,ok,,56.3000008389349,0.998725847531584,0.978489797134971,1.01938039771221,FALSE
PM25,PM2.5,lag,3,PM25_lag3,-7.70687906125123e-05,0.000261602697938484,0.999922934179111,0.999410128305718,1.00043600317704,63647,14422,71669.6593595616,71668.4358878725,3,0.01,3.09,Age__Age <6,Age,Age <6,2,1,Single lag 3,g02_s01__PM25__lag__03,25,ok,,36.6000005453825,0.997183256708096,0.978635842693447,1.01608218712149,FALSE
rh,Relative humidity,lag,3,rh_lag3,-0.000727713223491929,0.000692021296797398,0.999272551495559,0.99791747317539,1.00062946999662,63647,14422,71668.7688398437,71667.5378158711,3,0.01,3.13,Age__Age <6,Age,Age <6,2,1,Single lag 3,g02_s01__rh__lag__03,20,ok,,17.12222233,0.987617237628,0.964934874230526,1.01083278879433,FALSE
sp,Surface pressure,lag,3,sp_lag3,-6.98793698690196e-06,0.00283087939530717,0.999993012087429,0.994457355863391,1.00555948278903,63647,14422,71669.5769973398,71668.3807214897,3,0.01,3.26000000000002,Age__Age <6,Age,Age <6,2,1,Single lag 3,g02_s01__sp__lag__03,23,ok,,2.093064895,0.999985373901367,0.988434022580718,1.01167172070015,FALSE
ssr,Solar radiation,lag,3,ssr_lag3,0.00162354867649175,0.00113008091230215,1.00162486734519,0.999407747541752,1.00384690569557,63647,14422,71667.6043611534,71666.3829211292,3,0.01,3.09999999999999,Age__Age <6,Age,Age <6,2,1,Single lag 3,g02_s01__ssr__lag__03,21,ok,,12.27478,1.0201286051444,0.992754454203045,1.04825756943464,FALSE
t2m,Temperature,lag,3,t2m_lag3,-0.000170385170494512,0.000999918319650181,0.999829629344234,0.997871143405819,1.0017919591299,63647,14422,71669.709861415,71668.4917610368,3,0.01,3.10999999999999,Age__Age <6,Age,Age <6,2,1,Single lag 3,g02_s01__t2m__lag__03,19,ok,,14.132692335,0.997594895716107,0.970330498231569,1.02562536963591,FALSE
tp,Total precipitation,lag,3,tp_lag3,-0.000960973213351465,0.000902323074130604,0.999039488373537,0.997273384711211,1.00080871968147,63647,14422,71668.6323579957,71667.4468159414,3,0.01,3.09,Age__Age <6,Age,Age <6,2,1,Single lag 3,g02_s01__tp__lag__03,24,ok,,4.4753268105,0.995708565448726,0.987855190240106,1.00362437438559,FALSE
uv,Wind speed,lag,3,uv_lag3,-0.023235736554814,0.00740351235129939,0.97703213443415,0.962950481007647,0.991319710003543,63647,14422,71659.9423719925,71658.7304870536,3,0.01,3.13,Age__Age <6,Age,Age <6,2,1,Single lag 3,g02_s01__uv__lag__03,22,ok,,1.554431001,0.964526135800727,0.943003877465145,0.986539598263758,TRUE
O3,O3,mavg,4,O3_mavg4,8.96479392139576e-05,0.000240691732885792,1.00008965195771,0.999617748398722,1.00056177829541,63647,14422,71669.5668279813,71668.3547571104,3,0.01,3.22,Age__Age <6,Age,Age <6,2,1,Moving average 4,g02_s01__O3__mavg__04,36,ok,,49.2600007340311,1.00442582270283,0.981342924814812,1.02805167065496,FALSE
PM10,PM10,mavg,4,PM10_mavg4,0.000109901176600617,0.000208580723466521,1.00010990721596,0.999700939793173,1.00051904194695,63647,14422,71669.4234701545,71668.207224498,3,0.01,3.5,Age__Age <6,Age,Age <6,2,1,Moving average 4,g02_s01__PM10__mavg__04,35,ok,,52.7400007858872,1.00581301854044,0.98434897593075,1.02774509163559,FALSE
PM25,PM2.5,mavg,4,PM25_mavg4,0.000123519931187553,0.000291573487697825,1.00012352756009,0.9995518736791,1.00069550837963,63647,14422,71669.5291602769,71668.311528899,3,0.01,3.10999999999999,Age__Age <6,Age,Age <6,2,1,Moving average 4,g02_s01__PM25__mavg__04,34,ok,,34.5000005140901,1.00427053052666,0.984655127549191,1.02427669384073,FALSE
rh,Relative humidity,mavg,4,rh_mavg4,-0.000220662401496416,0.000877950676098067,0.999779361942661,0.99805964838548,1.00150203880556,63647,14422,71669.7068958811,71668.4872697645,3,0.01,3.09,Age__Age <6,Age,Age <6,2,1,Moving average 4,g02_s01__rh__mavg__04,29,ok,,12.73341855,0.997194157039625,0.975572002547337,1.01929553741339,FALSE
sp,Surface pressure,mavg,4,sp_mavg4,-0.000621687726562706,0.00283822623008689,0.999378505481212,0.993831933310831,1.00495603322519,63647,14422,71669.6994479443,71668.500622364,3,0.01,3.13,Age__Age <6,Age,Age <6,2,1,Moving average 4,g02_s01__sp__mavg__04,32,ok,,2.07437044999999,0.998711220541361,0.987247532635104,1.01030802248235,FALSE
ssr,Solar radiation,mavg,4,ssr_mavg4,0.0012637598162622,0.00149055121364218,1.00126455869719,0.998342312210779,1.00419535891509,63647,14422,71668.962713432,71667.7403672047,3,0.01,3.11000000000001,Age__Age <6,Age,Age <6,2,1,Moving average 4,g02_s01__ssr__mavg__04,30,ok,,8.4171740411,1.01069406338915,0.98613242874933,1.03586745575517,FALSE
t2m,Temperature,mavg,4,t2m_mavg4,0.000294876996524003,0.00102595205040546,1.00029492047702,0.998284559832705,1.0023093296297,63647,14422,71669.6341544738,71668.4162548904,3,0.01,3.15000000000001,Age__Age <6,Age,Age <6,2,1,Moving average 4,g02_s01__t2m__mavg__04,28,ok,,13.9045221334,1.00410854073174,0.976409844699971,1.03259299077324,FALSE
tp,Total precipitation,mavg,4,tp_mavg4,-0.000843346960020174,0.00144902119310848,0.999157008557079,0.996322046482453,1.00200003729635,63647,14422,71669.4145950624,71668.2119446883,3,0.01,3.07999999999998,Age__Age <6,Age,Age <6,2,1,Moving average 4,g02_s01__tp__mavg__04,33,ok,,5.6887582663,0.995213893095988,0.979256606498625,1.01143120848874,FALSE
uv,Wind speed,mavg,4,uv_mavg4,-0.0244651357577092,0.0104375357521035,0.975831709958516,0.956062388246615,0.996009818552129,63647,14422,71664.3515441851,71663.1312531714,3,0.01,3.12,Age__Age <6,Age,Age <6,2,1,Moving average 4,g02_s01__uv__mavg__04,31,ok,,1.074826418,0.974046949009959,0.952853400056944,0.9957118886051,TRUE
O3,O3,lag,3,O3_lag3,0.000370501718145569,0.000199616430320904,1.00037057036238,0.999979073914981,1.00076222008381,64910,14725,73126.8562066512,73125.6387040189,3,0.01,3.30000000000001,Age__Age >=6,Age,Age >=6,2,2,Single lag 3,g02_s02__O3__lag__03,45,ok,,57.1000008508563,1.02138101560864,0.998805821624522,1.04446645838439,FALSE
PM10,PM10,lag,3,PM10_lag3,0.000312034933392941,0.000178544267101806,1.00031208362136,0.999961928061903,1.00066236180314,64910,14725,73127.2726258258,73126.0429693896,3,0.01,3.25,Age__Age >=6,Age,Age >=6,2,2,Single lag 3,g02_s02__PM10__lag__03,44,ok,,57.5000008568172,1.01810393374893,0.997813216356238,1.03880726717684,FALSE
PM25,PM2.5,lag,3,PM25_lag3,0.000184620697936558,0.000249249767033264,1.00018463774139,0.999695912871908,1.00067360154322,64910,14725,73129.8151311526,73128.5919945034,3,0.01,3.25,Age__Age >=6,Age,Age >=6,2,2,Single lag 3,g02_s02__PM25__lag__03,43,ok,,37.4750005584211,1.00694264998414,0.988667306006381,1.02555581082706,FALSE
rh,Relative humidity,lag,3,rh_lag3,-0.00188946082951918,0.000679850999450543,0.998112323077876,0.996782605778948,0.999443814336386,64910,14725,73123.0596370577,73121.8407207505,3,0.01,3.25999999999999,Age__Age >=6,Age,Age >=6,2,2,Single lag 3,g02_s02__rh__lag__03,38,ok,,17.2570008675,0.967919431419562,0.945905994988489,0.990445173590534,TRUE
sp,Surface pressure,lag,3,sp_lag3,-0.000520076970450657,0.00290187756632544,0.999480058246135,0.993808873510036,1.00518360588432,64910,14725,73130.3460441269,73129.152201409,3,0.01,3.34999999999999,Age__Age >=6,Age,Age >=6,2,2,Single lag 3,g02_s02__sp__lag__03,41,ok,,2.05319067000001,0.998932752730485,0.987329874769337,1.01067198551758,FALSE
ssr,Solar radiation,lag,3,ssr_lag3,0.00206580072474672,0.00113388692786872,1.00206793596114,0.999842373342477,1.00429845249908,64910,14725,73127.0007931311,73125.7791047333,3,0.01,3.25,Age__Age >=6,Age,Age >=6,2,2,Single lag 3,g02_s02__ssr__lag__03,39,ok,,11.695088,1.0244539319033,0.998158095456832,1.05144251545371,FALSE
t2m,Temperature,lag,3,t2m_lag3,0.000320562818660744,0.0010099386195436,1.00032061420441,0.99834155009141,1.00230360150877,64910,14725,73130.2826305355,73129.0555087985,3,0.01,3.47,Age__Age >=6,Age,Age >=6,2,2,Single lag 3,g02_s02__t2m__lag__03,37,ok,,13.895268598,1.00446424163683,0.977200197731741,1.03248895664509,FALSE
tp,Total precipitation,lag,3,tp_lag3,0.000229669108457813,0.00087339830051292,1.00022969548443,0.998518120729425,1.00194420407324,64910,14725,73130.3174240013,73129.1401382804,3,0.01,3.25999999999999,Age__Age >=6,Age,Age >=6,2,2,Single lag 3,g02_s02__tp__lag__03,42,ok,,4.27088839825,1.00098137236179,0.993686380202074,1.00832991954999,FALSE
uv,Wind speed,lag,3,uv_lag3,-0.0237282353129748,0.00727597632126107,0.976551065793836,0.96271707735657,0.990583844855385,64910,14725,73119.8195147094,73118.6142479344,3,0.01,3.26000000000002,Age__Age >=6,Age,Age >=6,2,2,Single lag 3,g02_s02__uv__lag__03,40,ok,,1.558707475,0.963690226564586,0.942495450427977,0.985361629270006,TRUE
O3,O3,mavg,4,O3_mavg4,0.00047932639726493,0.000231107623027245,1.00047944129252,1.00002614761353,1.00093294044737,64910,14725,73125.9717895005,73124.755957388,3,0.01,3.29999999999998,Age__Age >=6,Age,Age >=6,2,2,Moving average 4,g02_s02__O3__mavg__04,54,ok,,51.4400007665158,1.02496303676015,1.00134592061488,1.04913717170532,TRUE
PM10,PM10,mavg,4,PM10_mavg4,0.000513543172639573,0.000200639982535204,1.00051367505851,1.0001201152873,1.00090738971785,64910,14725,73123.7550915083,73122.5365496165,3,0.01,3.25999999999999,Age__Age >=6,Age,Age >=6,2,2,Moving average 4,g02_s02__PM10__mavg__04,53,ok,,53.5950007986277,1.02790561308017,1.00645795557485,1.04981032196706,TRUE
PM25,PM2.5,mavg,4,PM25_mavg4,0.000443862804456475,0.000278334181063818,1.00044396132613,0.99989808228188,1.00099013840225,64910,14725,73127.7892335042,73126.57547256,3,0.01,3.25,Age__Age >=6,Age,Age >=6,2,2,Moving average 4,g02_s02__PM25__mavg__04,52,ok,,35.2000005245209,1.01574666333172,0.996418741499039,1.03544949702057,FALSE
rh,Relative humidity,mavg,4,rh_mavg4,-0.00180431815828079,0.000859535333620488,0.998197308645157,0.996516300568582,0.999881152509318,64910,14725,73126.3531928257,73125.1358388544,3,0.01,3.28,Age__Age >=6,Age,Age >=6,2,2,Moving average 4,g02_s02__rh__mavg__04,47,ok,,12.819526071,0.977134955753761,0.956248610663603,0.998477501130542,TRUE
sp,Surface pressure,mavg,4,sp_mavg4,-0.00180714509166482,0.00290426669834754,0.998194486811849,0.992525946713134,1.00389540138582,64910,14725,73130.3259007275,73129.1262448084,3,0.01,3.30000000000001,Age__Age >=6,Age,Age >=6,2,2,Moving average 4,g02_s02__sp__mavg__04,50,ok,,2.02992275550001,0.99633835528669,0.984886638570804,1.00792322655446,FALSE
ssr,Solar radiation,mavg,4,ssr_mavg4,0.00368131866510711,0.00150078276434278,1.00368810304126,1.00073870523821,1.00664619342025,64910,14725,73124.243667631,73123.0152239097,3,0.01,3.23999999999998,Age__Age >=6,Age,Age >=6,2,2,Moving average 4,g02_s02__ssr__mavg__04,48,ok,,8.08708896845,1.03021874302827,1.00598963612876,1.05503140469246,TRUE
t2m,Temperature,mavg,4,t2m_mavg4,0.00110740491632875,0.00103608584038043,1.00110801831556,0.999076170339131,1.00314399853389,64910,14725,73129.2027014097,73127.977134962,3,0.01,3.28,Age__Age >=6,Age,Age >=6,2,2,Moving average 4,g02_s02__t2m__mavg__04,46,ok,,13.69269030815,1.01527889948301,0.987424184706293,1.04391938131287,FALSE
tp,Total precipitation,mavg,4,tp_mavg4,-0.00110118598340749,0.0014289769393235,0.998899420099387,0.996104339796165,1.00170234340721,64910,14725,73129.8327513089,73128.6439271227,3,0.01,3.40000000000001,Age__Age >=6,Age,Age >=6,2,2,Moving average 4,g02_s02__tp__mavg__04,51,ok,,5.5643914859,0.993891304504054,0.978514854354727,1.00950938112593,FALSE
uv,Wind speed,mavg,4,uv_mavg4,-0.0467237484623431,0.010521192968087,0.954351002109915,0.934863485918395,0.974244740989923,64910,14725,73110.802611713,73109.5822864398,3,0.01,3.30000000000001,Age__Age >=6,Age,Age >=6,2,2,Moving average 4,g02_s02__uv__mavg__04,49,ok,,1.04248789035,0.952458310004088,0.932191953719766,0.973165267225191,TRUE
O3,O3,lag,3,O3_lag3,0.00018381899013048,0.000184916499138192,1.00018383588588,0.999821232055263,1.00054657122116,78297,17735,88137.5500750988,88136.3334203053,3,0.01,3.69999999999999,Sex__Male,Sex,Male,3,1,Single lag 3,g03_s01__O3__lag__03,63,ok,,56.4000008404258,1.0104213187997,0.98996725361629,1.03129799266975,FALSE
PM10,PM10,lag,3,PM10_lag3,0.00018939547727543,0.000163698131741725,1.00018941341373,0.999868408336835,1.00051052155266,78297,17735,88137.1992770926,88135.9721877165,3,0.01,3.77999999999997,Sex__Male,Sex,Male,3,1,Single lag 3,g03_s01__PM10__lag__03,62,ok,,57.6000008583068,1.01096890172936,0.992448478433596,1.0298349412806,FALSE
PM25,PM2.5,lag,3,PM25_lag3,0.000104128744839272,0.000229157762243891,1.00010413416643,0.999654832685711,1.00055363759233,78297,17735,88138.3625622541,88137.1408443261,3,0.01,3.75,Sex__Male,Sex,Male,3,1,Single lag 3,g03_s01__PM25__lag__03,61,ok,,37.6000005602837,1.00392291543247,0.987103352188535,1.0210290726242,FALSE
rh,Relative humidity,lag,3,rh_lag3,-0.00126940270487119,0.000622147899376571,0.998731402645935,0.997513722922125,0.999950568881475,78297,17735,88134.6814731466,88133.4554752497,3,0.01,3.75,Sex__Male,Sex,Male,3,1,Single lag 3,g03_s01__rh__lag__03,56,ok,,17.24649149,0.978345163843078,0.957975619974027,0.999147828868211,TRUE
sp,Surface pressure,lag,3,sp_lag3,-9.6093473551492e-05,0.00262269057279285,0.999903911143278,0.994774769748399,1.00505949896342,78297,17735,88138.4809070274,88137.2840665922,3,0.01,3.73000000000002,Sex__Male,Sex,Male,3,1,Single lag 3,g03_s01__sp__lag__03,59,ok,,2.08190139,0.999799962873938,0.989152330322132,1.01056221112002,FALSE
ssr,Solar radiation,lag,3,ssr_lag3,0.0018399374120861,0.00102413123381275,1.00184163113555,0.999831731794458,1.00385557085987,78297,17735,88135.2912084578,88134.0653800509,3,0.01,3.76999999999998,Sex__Male,Sex,Male,3,1,Single lag 3,g03_s01__ssr__lag__03,57,ok,,11.982714,1.02229228473725,0.997985552287043,1.0471910271027,FALSE
t2m,Temperature,lag,3,t2m_lag3,0.000236103283565482,0.000911294036903467,1.00023613115814,0.998450348005767,1.00202510827833,78297,17735,88138.511022435,88137.2886531784,3,0.01,3.75999999999999,Sex__Male,Sex,Male,3,1,Single lag 3,g03_s01__t2m__lag__03,55,ok,,13.961723323,1.00330184785091,0.978580140892117,1.02864809512545,FALSE
tp,Total precipitation,lag,3,tp_lag3,-2.72383520515543e-05,0.000809328206598489,0.999972762018909,0.998387051501845,1.00156099107429,78297,17735,88138.5899779748,88137.4134128344,3,0.01,3.75,Sex__Male,Sex,Male,3,1,Single lag 3,g03_s01__tp__lag__03,60,ok,,4.39192763,0.999880378284277,0.99293540018833,1.00687393226224,FALSE
uv,Wind speed,lag,3,uv_lag3,-0.02759142238967,0.00667095418107357,0.972785744090671,0.960143523556991,0.985594424785892,78297,17735,88121.4845081047,88120.2712233694,3,0.01,3.78000000000003,Sex__Male,Sex,Male,3,1,Single lag 3,g03_s01__uv__lag__03,58,ok,,1.549897347,0.958137606128143,0.938907603982909,0.9777614626203,TRUE
O3,O3,mavg,4,O3_mavg4,0.000261911818962646,0.000214493687873392,1.00026194612086,0.999841323560828,1.00068274563395,78297,17735,88137.0268920482,88135.8106930394,3,0.01,3.79000000000002,Sex__Male,Sex,Male,3,1,Moving average 4,g03_s01__O3__mavg__04,72,ok,,50.2600007489324,1.01325071098859,0.992056010843811,1.03489822367038,FALSE
PM10,PM10,mavg,4,PM10_mavg4,0.000336399736842512,0.000184612282465234,1.00033645632558,0.999974393691873,1.00069865006024,78297,17735,88135.1913404173,88133.9747932999,3,0.01,3.73000000000002,Sex__Male,Sex,Male,3,1,Moving average 4,g03_s01__PM10__mavg__04,71,ok,,53.9800008043646,1.01832473263823,0.99861870863184,1.03841962162391,FALSE
PM25,PM2.5,mavg,4,PM25_mavg4,0.000313303349730272,0.0002566742173491,1.00031335243435,0.999810008720165,1.00081694956016,78297,17735,88137.0476116776,88135.8330320129,3,0.01,3.77999999999997,Sex__Male,Sex,Male,3,1,Moving average 4,g03_s01__PM25__mavg__04,70,ok,,35.4200005277991,1.01115900718978,0.993292466022382,1.02934691755592,FALSE
rh,Relative humidity,mavg,4,rh_mavg4,-0.000840349195835397,0.000789049652567586,0.999160003798664,0.997615250777752,1.00070714887448,78297,17735,88137.6208895019,88136.404996351,3,0.01,3.76999999999998,Sex__Male,Sex,Male,3,1,Moving average 4,g03_s01__rh__mavg__04,65,ok,,12.820940868,0.989283765032337,0.969852536413631,1.00910430413333,FALSE
sp,Surface pressure,mavg,4,sp_mavg4,-0.000895216057281938,0.00262845970067226,0.999105184529067,0.993968895777375,1.00426801494545,78297,17735,88138.5847453311,88137.3843662841,3,0.01,3.79000000000002,Sex__Male,Sex,Male,3,1,Moving average 4,g03_s01__sp__mavg__04,68,ok,,2.05803657,0.998159308769882,0.987627364354259,1.00880356489138,FALSE
ssr,Solar radiation,mavg,4,ssr_mavg4,0.00213099832562414,0.00135732263518416,1.00213327051628,0.999469563993043,1.00480407615891,78297,17735,88136.0420424081,88134.8140974172,3,0.01,3.72999999999996,Sex__Male,Sex,Male,3,1,Moving average 4,g03_s01__ssr__mavg__04,66,ok,,8.1876448,1.01760096036644,0.995665248405266,1.04001994282441,FALSE
t2m,Temperature,mavg,4,t2m_mavg4,0.000738893951567223,0.000935621143200723,1.00073916700095,0.998904833816908,1.00257686866095,78297,17735,88137.9302279001,88136.7072286237,3,0.01,3.81,Sex__Male,Sex,Male,3,1,Moving average 4,g03_s01__t2m__mavg__04,64,ok,,13.7665967322,1.01022396627643,0.985028235260239,1.03606417118746,FALSE
tp,Total precipitation,mavg,4,tp_mavg4,-0.0010140906506001,0.00131305941150767,0.998986423365556,0.996417562357201,1.00156190713288,78297,17735,88138.018197765,88136.8260401162,3,0.01,3.78000000000003,Sex__Male,Sex,Male,3,1,Moving average 4,g03_s01__tp__mavg__04,69,ok,,5.6421600314,0.994294675795355,0.979954655261283,1.00884453880752,FALSE
uv,Wind speed,mavg,4,uv_mavg4,-0.0417682853217896,0.00953596271794516,0.959091990518795,0.941324490848875,0.977194851391878,78297,17735,88119.5171766846,88118.2911821301,3,0.01,3.74000000000001,Sex__Male,Sex,Male,3,1,Moving average 4,g03_s01__uv__mavg__04,67,ok,,1.053753198,0.956941072908913,0.938269857515416,0.97598383805919,TRUE
O3,O3,lag,3,O3_lag3,0.00030735816531012,0.000227508509306795,1.00030740540467,0.99986124617021,1.00075376372737,50260,11412,56660.9311885847,56659.7165337787,3,0.01,2.59999999999997,Sex__Female,Sex,Female,3,2,Single lag 3,g03_s02__O3__lag__03,81,ok,,56.9000008478761,1.01764250223683,0.992135447875882,1.04380532388625,FALSE
PM10,PM10,lag,3,PM10_lag3,8.81706158484726e-05,0.00020814301826073,1.00008817450299,0.999680073989016,1.00049644162074,50260,11412,56662.6359684682,56661.4093472166,3,0.01,2.53000000000003,Sex__Female,Sex,Female,3,2,Single lag 3,g03_s02__PM10__lag__03,80,ok,,55.8000008314847,1.00493204311894,0.982303723291573,1.02808162851456,FALSE
PM25,PM2.5,lag,3,PM25_lag3,-1.20571481045135e-05,0.000293210518774135,0.999987942924583,0.999413158363722,1.00056305805903,50260,11412,56662.8414692167,56661.6168199481,3,0.01,2.5,Sex__Female,Sex,Female,3,2,Single lag 3,g03_s02__PM25__lag__03,79,ok,,36.1000005379319,0.999564831660162,0.979031753908243,1.02052854648108,FALSE
rh,Relative humidity,lag,3,rh_lag3,-0.00140999803980764,0.000774077783935088,0.998590995540392,0.997076394368312,1.00010789763509,50260,11412,56659.8019739049,56658.5798865094,3,0.01,2.5,Sex__Female,Sex,Female,3,2,Single lag 3,g03_s02__rh__lag__03,74,ok,,17.0719031525,0.97621605427624,0.951244058795116,1.00184361598316,FALSE
sp,Surface pressure,lag,3,sp_lag3,-0.000413534770817287,0.00318596285000624,0.999586550722901,0.993361242753339,1.0058508724421,50260,11412,56662.7413775969,56661.5491877087,3,0.01,2.61000000000001,Sex__Female,Sex,Female,3,2,Single lag 3,g03_s02__sp__lag__03,77,ok,,2.05989783000001,0.999148523335128,0.986372943950319,1.01208957362152,FALSE
ssr,Solar radiation,lag,3,ssr_lag3,0.00188597611384577,0.00128259504546025,1.00188775568536,0.999371132261229,1.00441071650684,50260,11412,56660.6059828961,56659.3918965816,3,0.01,2.5,Sex__Female,Sex,Female,3,2,Single lag 3,g03_s02__ssr__lag__03,75,ok,,12.01635,1.02292129556228,0.992469426002824,1.05430751792603,FALSE
t2m,Temperature,lag,3,t2m_lag3,-0.000144955603186176,0.0011343702321795,0.99985505490237,0.997633461542076,1.00208159543434,50260,11412,56662.8311017652,56661.6088951366,3,0.01,2.52999999999997,Sex__Female,Sex,Female,3,2,Single lag 3,g03_s02__t2m__lag__03,73,ok,,14.017089685,0.997970207131214,0.967334144903437,1.02957653194249,FALSE
tp,Total precipitation,lag,3,tp_lag3,-0.000844575638564307,0.000996067506060101,0.999155780915054,0.997206144862433,1.00110922869105,50260,11412,56662.1601830529,56660.9767554616,3,0.01,2.54999999999995,Sex__Female,Sex,Female,3,2,Single lag 3,g03_s02__tp__lag__03,78,ok,,4.3586847345,0.996325528510386,0.987879475908681,1.00484379212261,FALSE
uv,Wind speed,lag,3,uv_lag3,-0.0169823547467391,0.00825425307851347,0.983161032607271,0.967375904399118,0.999203734028199,50260,11412,56658.6865800883,56657.4853932028,3,0.01,2.50999999999999,Sex__Female,Sex,Female,3,2,Single lag 3,g03_s02__uv__lag__03,76,ok,,1.5674244805,0.973732592651395,0.949339752446049,0.998752195210978,TRUE
O3,O3,mavg,4,O3_mavg4,0.000344249615223843,0.000264916399471767,1.00034430887592,0.999824790184063,1.0008640975232,50260,11412,56661.0579314417,56659.847765022,3,0.01,2.5,Sex__Female,Sex,Female,3,2,Moving average 4,g03_s02__O3__mavg__04,90,ok,,50.4200007513166,1.01750857504141,0.991204059583815,1.0445111586389,FALSE
PM10,PM10,mavg,4,PM10_mavg4,0.000290839182501122,0.000232875812518396,1.00029088148032,0.999834206561949,1.0007477649999,50260,11412,56661.2085339435,56659.9910660344,3,0.01,2.48000000000002,Sex__Female,Sex,Female,3,2,Moving average 4,g03_s02__PM10__mavg__04,89,ok,,51.8650007728487,1.01519871781047,0.991437281014625,1.03952963759031,FALSE
PM25,PM2.5,mavg,4,PM25_mavg4,0.000253807268448,0.000325007018009092,1.00025383948024,0.999616574271899,1.0008915109655,50260,11412,56662.1867924704,56660.970662942,3,0.01,2.52999999999997,Sex__Female,Sex,Female,3,2,Moving average 4,g03_s02__PM25__mavg__04,88,ok,,34.0600005075336,1.0086821488042,0.987022952699562,1.03081663402595,FALSE
rh,Relative humidity,mavg,4,rh_mavg4,-0.0013380648086058,0.000977967030150671,0.998662830000961,0.996749533184583,1.00057979967261,50260,11412,56661.2309195479,56660.0089893438,3,0.01,2.46999999999997,Sex__Female,Sex,Female,3,2,Moving average 4,g03_s02__rh__mavg__04,83,ok,,12.692201948,0.983160409260174,0.959519369322687,1.00738392975605,FALSE
sp,Surface pressure,mavg,4,sp_mavg4,-0.0015589191582679,0.00318947024892874,0.998442295325027,0.992217289456152,1.00470635607231,50260,11412,56662.8215241252,56661.6243908956,3,0.01,2.53000000000003,Sex__Female,Sex,Female,3,2,Moving average 4,g03_s02__sp__mavg__04,86,ok,,2.03758049750002,0.996828616221073,0.984206122288329,1.00961299475459,FALSE
ssr,Solar radiation,mavg,4,ssr_mavg4,0.0030265334177201,0.00168637713997844,1.00303111799394,0.999719754410045,1.00635344986372,50260,11412,56659.5029877241,56658.2824183884,3,0.01,2.51000000000005,Sex__Female,Sex,Female,3,2,Moving average 4,g03_s02__ssr__mavg__04,84,ok,,8.35482483,1.02560856314236,0.997661008754298,1.05433901524509,FALSE
t2m,Temperature,mavg,4,t2m_mavg4,0.000666282072459912,0.00116261860059534,1.00066650408767,0.998387803302171,1.00295040577053,50260,11412,56662.4798949106,56661.260790365,3,0.01,2.48000000000002,Sex__Female,Sex,Female,3,2,Moving average 4,g03_s02__t2m__mavg__04,82,ok,,13.9093081786,1.00931059913588,0.977807325984442,1.04182885416709,FALSE
tp,Total precipitation,mavg,4,tp_mavg4,-0.000924444664274914,0.00160983721631323,0.999075982503053,0.995927140877932,1.00223477985313,50260,11412,56662.5360520651,56661.3359121101,3,0.01,2.48000000000002,Sex__Female,Sex,Female,3,2,Moving average 4,g03_s02__tp__mavg__04,87,ok,,5.5891422008,0.994846472538232,0.977447915512703,1.01255472344387,FALSE
uv,Wind speed,mavg,4,uv_mavg4,-0.0256509710362226,0.0117635037228904,0.974675220129696,0.95244964884436,0.997419428242521,50260,11412,56658.208934489,56656.9978551251,3,0.01,2.5,Sex__Female,Sex,Female,3,2,Moving average 4,g03_s02__uv__mavg__04,85,ok,,1.06638842265,0.973016831346109,0.949374104376669,0.997248344070729,TRUE
O3,O3,lag,3,O3_lag3,-5.77178167540485e-05,0.000661016371455035,0.999942283848887,0.998647010649569,1.00123923690202,10008,2262,11261.0381291215,11259.8394450606,3,0.01,0.730000000000018,Period__2005-2010,Period,2005-2010,4,1,Single lag 3,g04_s01__O3__lag__03,99,ok,,48.2000007182363,0.997221867363626,0.93682550212225,1.06151192855512,FALSE
PM10,PM10,lag,3,PM10_lag3,0.000449422365531133,0.00048010741635323,1.00044952337089,0.999508100475634,1.00139183324369,10008,2262,11259.9962954536,11258.7931442337,3,0.01,0.759999999999991,Period__2005-2010,Period,2005-2010,4,1,Single lag 3,g04_s01__PM10__lag__03,98,ok,,60.0000008940695,1.02733219721,0.97091026185419,1.08703296442862,FALSE
PM25,PM2.5,lag,3,PM25_lag3,0.000437942962545472,0.00065949519460575,1.00043803887357,0.999145104031565,1.00173264708996,10008,2262,11260.4891248756,11259.2835516586,3,0.01,0.779999999999973,Period__2005-2010,Period,2005-2010,4,1,Single lag 3,g04_s01__PM25__lag__03,97,ok,,38.5000005736947,1.01700374993286,0.967608638907283,1.0689204253304,FALSE
rh,Relative humidity,lag,3,rh_lag3,-0.00254586759143276,0.00173201457170308,0.997457370381064,0.994075445312249,1.00085080488997,10008,2262,11259.329974535,11258.1057857976,3,0.01,0.75,Period__2005-2010,Period,2005-2010,4,1,Single lag 3,g04_s01__rh__lag__03,92,ok,,16.6694554625,0.95844967055123,0.905694874296804,1.01427738642346,FALSE
sp,Surface pressure,lag,3,sp_lag3,-0.00355989990011349,0.00544742691068347,0.996446429031188,0.985859170911138,1.00714738664236,10008,2262,11260.9319909926,11259.7808262591,3,0.01,0.730000000000018,Period__2005-2010,Period,2005-2010,4,1,Single lag 3,g04_s01__sp__lag__03,95,ok,,2.29045228750002,0.991879371036099,0.967906217388487,1.01644629692495,FALSE
ssr,Solar radiation,lag,3,ssr_lag3,0.000317989001522366,0.00285855459527667,1.00031803956538,0.994726600314219,1.00594090871621,10008,2262,11261.0081751536,11259.8028043477,3,0.01,0.759999999999991,Period__2005-2010,Period,2005-2010,4,1,Single lag 3,g04_s01__ssr__lag__03,93,ok,,11.982694125,1.00381763361001,0.938608579108918,1.07355703276514,FALSE
t2m,Temperature,lag,3,t2m_lag3,-0.000591162550580627,0.00245982392965457,0.999409012151573,0.994599998592312,1.00424127666656,10008,2262,11261.0032699698,11259.796869005,3,0.01,0.71999999999997,Period__2005-2010,Period,2005-2010,4,1,Single lag 3,g04_s01__t2m__lag__03,91,ok,,14.43724759275,0.991501557560464,0.924804964057846,1.06300826622413,FALSE
tp,Total precipitation,lag,3,tp_lag3,-0.0009543727213396,0.00250494442663939,0.999046082547462,0.994150852810523,1.00396541630559,10008,2262,11260.9417207184,11259.7313725122,3,0.01,0.730000000000018,Period__2005-2010,Period,2005-2010,4,1,Single lag 3,g04_s01__tp__lag__03,96,ok,,2.78686704375,0.997343824010041,0.983784258826015,1.01109028092068,FALSE
uv,Wind speed,lag,3,uv_lag3,0.000552467150367927,0.0181237869233534,1.00055261978845,0.965618470411127,1.03675061887693,10008,2262,11261.0299604455,11259.8286468545,3,0.01,0.789999999999964,Period__2005-2010,Period,2005-2010,4,1,Single lag 3,g04_s01__uv__lag__03,94,ok,,1.6145259885,1.0008923704979,0.945079164778935,1.06000172008381,FALSE
O3,O3,mavg,4,O3_mavg4,-0.000152709091010249,0.000766839612084074,0.999847302568429,0.998344965347176,1.00135190020639,10008,2262,11261.0271276111,11259.8300941259,3,0.01,0.850000000000023,Period__2005-2010,Period,2005-2010,4,1,Moving average 4,g04_s01__O3__mavg__04,108,ok,,42.180000628531,0.993579430952248,0.932517654716109,1.05863955110643,FALSE
PM10,PM10,mavg,4,PM10_mavg4,0.000413096888207609,0.000553535998055315,1.00041318222448,0.999327893788804,1.0014996496169,10008,2262,11260.3277824866,11259.1350082983,3,0.01,0.810000000000002,Period__2005-2010,Period,2005-2010,4,1,Moving average 4,g04_s01__PM10__mavg__04,107,ok,,52.3350007798523,1.02185481904993,0.965425342864025,1.08158263717108,FALSE
PM25,PM2.5,mavg,4,PM25_mavg4,0.000450750308789224,0.000752235772312265,1.00045085191198,0.99897621512821,1.00192766583509,10008,2262,11260.5692255767,11259.3728743419,3,0.01,0.779999999999973,Period__2005-2010,Period,2005-2010,4,1,Moving average 4,g04_s01__PM25__mavg__04,106,ok,,34.0600005075335,1.01547101165406,0.965713594077905,1.06779214288062,FALSE
rh,Relative humidity,mavg,4,rh_mavg4,-0.00282447606658906,0.0022294636105201,0.997179509013133,0.992829599933826,1.00154848087487,10008,2262,11259.922443618,11258.7193204964,3,0.01,0.800000000000011,Period__2005-2010,Period,2005-2010,4,1,Moving average 4,g04_s01__rh__mavg__04,101,ok,,12.8409701845,0.964380827645861,0.911734374915578,1.02006731235663,FALSE
sp,Surface pressure,mavg,4,sp_mavg4,-0.00364274790551848,0.00546474964818221,0.996363878851656,0.985744013227358,1.0070981585402,10008,2262,11260.9288073176,11259.7783177861,3,0.01,0.829999999999984,Period__2005-2010,Period,2005-2010,4,1,Moving average 4,g04_s01__sp__mavg__04,104,ok,,2.24739985149999,0.991846708755661,0.968245634185891,1.01602306494048,FALSE
ssr,Solar radiation,mavg,4,ssr_mavg4,-0.000271193588500817,0.0037721630743987,0.999728843181156,0.992361292674012,1.00715109175692,10008,2262,11261.0375019373,11259.8338071026,3,0.01,0.819999999999993,Period__2005-2010,Period,2005-2010,4,1,Moving average 4,g04_s01__ssr__mavg__04,102,ok,,8.3336423,0.997742521585143,0.938096334556566,1.0611811368476,FALSE
t2m,Temperature,mavg,4,t2m_mavg4,-0.000569077010288205,0.00252928096435084,0.999431084883322,0.994486508469853,1.00440024452305,10008,2262,11261.0093381296,11259.8078412316,3,0.01,0.78000000000003,Period__2005-2010,Period,2005-2010,4,1,Moving average 4,g04_s01__t2m__mavg__04,100,ok,,14.41592140185,0.991829789631663,0.923391493494753,1.06534045658569,FALSE
tp,Total precipitation,mavg,4,tp_mavg4,-0.00170033093605867,0.0042014851724561,0.998301113807624,0.990110201975114,1.00655978641482,10008,2262,11260.9134694251,11259.7006709487,3,0.01,0.800000000000011,Period__2005-2010,Period,2005-2010,4,1,Moving average 4,g04_s01__tp__mavg__04,105,ok,,4.71201719635,0.992020021824424,0.954246871577081,1.03128839207203,FALSE
uv,Wind speed,mavg,4,uv_mavg4,-0.00302674769088077,0.0255591494771931,0.996977828291965,0.948241838887722,1.04821866230217,10008,2262,11261.0341859242,11259.8356753691,3,0.01,0.759999999999991,Period__2005-2010,Period,2005-2010,4,1,Moving average 4,g04_s01__uv__mavg__04,103,ok,,1.13656578855,0.996565812481325,0.941384523475426,1.05498167419959,FALSE
O3,O3,lag,3,O3_lag3,4.4543029558249e-05,0.000176762544420423,1.00004454402161,0.9996979748284,1.00039123335951,82850,18783,93315.6267877921,93314.405775234,3,0.01,3.94,Period__2011-2019,Period,2011-2019,4,2,Single lag 3,g04_s02__O3__lag__03,117,ok,,58.2000008672474,1.00259576754472,0.982573115434507,1.02302643661097,FALSE
PM10,PM10,lag,3,PM10_lag3,-3.4336898221555e-05,0.000160149526920749,0.999965663691283,0.999651686438115,1.00027973956135,82850,18783,93315.6675799792,93314.4478751417,3,0.01,3.91999999999996,Period__2011-2019,Period,2011-2019,4,2,Single lag 3,g04_s02__PM10__lag__03,116,ok,,56.5000008419154,0.998061845872671,0.980509303669218,1.01592860415097,FALSE
PM25,PM2.5,lag,3,PM25_lag3,-0.000105893545088377,0.000221161116849837,0.999894112061435,0.999460576979754,1.00032783519769,82850,18783,93315.4957078066,93314.2794824585,3,0.01,3.95000000000005,Period__2011-2019,Period,2011-2019,4,2,Single lag 3,g04_s02__PM25__lag__03,115,ok,,37.2000005543232,0.996068508691743,0.980128149789542,1.01226811436609,FALSE
rh,Relative humidity,lag,3,rh_lag3,-0.000438795000451051,0.000615979015781919,0.999561301255996,0.998354686287227,1.00076937460819,82850,18783,93315.2817431733,93314.0592001302,3,0.01,4.01999999999998,Period__2011-2019,Period,2011-2019,4,2,Single lag 3,g04_s02__rh__lag__03,110,ok,,17.19717101,0.992482367163139,0.972079153971764,1.01331382963449,FALSE
sp,Surface pressure,lag,3,sp_lag3,-0.000215900437686924,0.0024296069321272,0.999784122867135,0.995032261621012,1.00455867716337,82850,18783,93315.6406840608,93314.4420922163,3,0.01,4.04000000000002,Period__2011-2019,Period,2011-2019,4,2,Single lag 3,g04_s02__sp__lag__03,113,ok,,2.08944231500001,0.999548990225169,0.98964828113684,1.00954874896307,FALSE
ssr,Solar radiation,lag,3,ssr_lag3,0.00121395966383672,0.000992515960250064,1.00121469681113,0.999268002341353,1.0031651836777,82850,18783,93314.1604984256,93312.9396130094,3,0.01,3.95999999999998,Period__2011-2019,Period,2011-2019,4,2,Single lag 3,g04_s02__ssr__lag__03,111,ok,,11.983778,1.01465415771094,0.991263081067695,1.03859719931118,FALSE
t2m,Temperature,lag,3,t2m_lag3,-0.00026956395149657,0.000891316317973569,0.999730472377601,0.997984686615697,1.00147931204957,82850,18783,93315.6239501455,93314.401325222,3,0.01,4.23000000000002,Period__2011-2019,Period,2011-2019,4,2,Single lag 3,g04_s02__t2m__lag__03,109,ok,,14.070668534,0.996214239119828,0.972013662066,1.02101734654816,FALSE
tp,Total precipitation,lag,3,tp_lag3,0.000320867420246067,0.000785074652235878,1.0003209189037,0.998782156062647,1.00186205242331,82850,18783,93315.5188285347,93314.3402380255,3,0.01,4,Period__2011-2019,Period,2011-2019,4,2,Single lag 3,g04_s02__tp__lag__03,114,ok,,4.181617499,1.00134264536166,0.994917299846903,1.0078094868545,FALSE
uv,Wind speed,lag,3,uv_lag3,-0.0248347438052824,0.00643487465070115,0.975471101351465,0.963239790201713,0.987857726772087,82850,18783,93300.8283231163,93299.6257679284,3,0.01,3.98000000000002,Period__2011-2019,Period,2011-2019,4,2,Single lag 3,g04_s02__uv__lag__03,112,ok,,1.5787731985,0.961550274343607,0.942584577199836,0.980897579190036,TRUE
O3,O3,mavg,4,O3_mavg4,8.81545835684796e-05,0.000205537347548632,1.0000881584693,0.99968516579955,1.00049131359238,82850,18783,93315.4947663373,93314.2757035988,3,0.01,4.42000000000002,Period__2011-2019,Period,2011-2019,4,2,Moving average 4,g04_s02__O3__mavg__04,126,ok,,52.7600007861851,1.004661868754,0.983523971275357,1.02625406188253,FALSE
PM10,PM10,mavg,4,PM10_mavg4,0.000191628488287276,0.000183731714627594,1.0001916468502,0.999831363040481,1.0005520604904,82850,18783,93314.5618624425,93313.3537569521,3,0.01,4.01000000000005,Period__2011-2019,Period,2011-2019,4,2,Moving average 4,g04_s02__PM10__mavg__04,125,ok,,52.1200007766486,1.01003772027059,0.991248420328711,1.02918317514444,FALSE
PM25,PM2.5,mavg,4,PM25_mavg4,0.000141689875684489,0.000249697770589622,1.00014169991417,0.999652117838497,1.00063152176788,82850,18783,93315.3536247732,93314.145585084,3,0.01,3.89999999999998,Period__2011-2019,Period,2011-2019,4,2,Moving average 4,g04_s02__PM25__mavg__04,124,ok,,34.440000513196,1.00489172500264,0.988088365663535,1.02198084119762,FALSE
rh,Relative humidity,mavg,4,rh_mavg4,-4.18399601574975e-06,0.000794383191651064,0.999995816012737,0.998439328505065,1.00155473004046,82850,18783,93315.6983947308,93314.4851994491,3,0.01,3.96999999999997,Period__2011-2019,Period,2011-2019,4,2,Moving average 4,g04_s02__rh__mavg__04,119,ok,,12.5188884505,0.999947622392356,0.980636788321161,1.01963872907262,FALSE
sp,Surface pressure,mavg,4,sp_mavg4,-0.000912893894452185,0.00243399515928664,0.999087522666411,0.994330416146113,1.00386738840117,82850,18783,93315.6976565593,93314.4960546228,3,0.01,3.94,Period__2011-2019,Period,2011-2019,4,2,Moving average 4,g04_s02__sp__mavg__04,122,ok,,2.06713572950001,0.998114703821202,0.988315649795882,1.00801091476259,FALSE
ssr,Solar radiation,mavg,4,ssr_mavg4,0.00133550689097874,0.00132340365719583,1.00133639907744,0.998741236481753,1.00393830503976,82850,18783,93314.6331507394,93313.4094251279,3,0.01,3.92000000000002,Period__2011-2019,Period,2011-2019,4,2,Moving average 4,g04_s02__ssr__mavg__04,120,ok,,8.1098266,1.01088959398146,0.989837209510906,1.03238973184585,FALSE
t2m,Temperature,mavg,4,t2m_mavg4,0.00041348793679315,0.000913936194079989,1.00041357343471,0.998622299602008,1.00220806035684,82850,18783,93315.4785972956,93314.2582256069,3,0.01,3.95000000000005,Period__2011-2019,Period,2011-2019,4,2,Moving average 4,g04_s02__t2m__mavg__04,118,ok,,13.86032177615,1.00574752988782,0.981072873981943,1.03104277033075,FALSE
tp,Total precipitation,mavg,4,tp_mavg4,0.000962216848866809,0.00132218026284436,1.00096267992801,0.998370880937731,1.00356120729808,82850,18783,93315.1497593666,93313.9547248784,3,0.01,3.94,Period__2011-2019,Period,2011-2019,4,2,Moving average 4,g04_s02__tp__mavg__04,123,ok,,5.400533622,1.00521000958683,0.991233366353798,1.019383727034,FALSE
uv,Wind speed,mavg,4,uv_mavg4,-0.0338213138430133,0.0091517839950369,0.966744233016749,0.949550034226672,0.984249779469163,82850,18783,93302.1694969028,93300.9571566344,3,0.01,4,Period__2011-2019,Period,2011-2019,4,2,Moving average 4,g04_s02__uv__mavg__04,121,ok,,1.06243260425,0.964705055292299,0.946486087983315,0.983274720269944,TRUE
O3,O3,lag,3,O3_lag3,0.000706728998031524,0.000271125283486646,1.00070697878981,1.00017509454196,1.00123914590672,35686,8099,40212.6548796469,40211.4500069098,3,0.01,1.92000000000002,Period__2020-2024,Period,2020-2024,4,3,Single lag 3,g04_s03__O3__lag__03,135,ok,,55.3000008240345,1.03985586704961,1.00972890175246,1.07088172223226,TRUE
PM10,PM10,lag,3,PM10_lag3,0.00107515431490141,0.000344638800562607,1.0010757325005,1.00039943158538,1.00175249067131,35686,8099,40209.8763205648,40208.6265605765,3,0.01,1.89000000000004,Period__2020-2024,Period,2020-2024,4,3,Single lag 3,g04_s03__PM10__lag__03,134,ok,,37.1000005528331,1.04069444477441,1.0149262535524,1.06711687259563,TRUE
PM25,PM2.5,lag,3,PM25_lag3,0.000678348296521604,0.000457712361760172,1.00067857842676,0.999780843790835,1.00157711921612,35686,8099,40217.3697569367,40216.1258098662,3,0.01,1.90000000000003,Period__2020-2024,Period,2020-2024,4,3,Single lag 3,g04_s03__PM25__lag__03,133,ok,,24.5000003650784,1.01675840622608,0.994644476572624,1.0393639961087,FALSE
rh,Relative humidity,lag,3,rh_lag3,-0.00296856469134096,0.00088850625201547,0.997035837140038,0.995300241429017,0.998774459713518,35686,8099,40209.1010114171,40207.8701935649,3,0.01,1.79000000000002,Period__2020-2024,Period,2020-2024,4,3,Single lag 3,g04_s03__rh__lag__03,128,ok,,16.9628490275,0.950891498753473,0.923200151102148,0.979413452908257,TRUE
sp,Surface pressure,lag,3,sp_lag3,-0.00105580823905402,0.00444252382203756,0.99894474893036,0.990280387055712,1.0076849191564,35686,8099,40219.48565828,40218.3132931399,3,0.01,1.87,Period__2020-2024,Period,2020-2024,4,3,Single lag 3,g04_s03__sp__lag__03,131,ok,,1.98315923,0.997908354690755,0.980816562743873,1.01529799036225,FALSE
ssr,Solar radiation,lag,3,ssr_lag3,0.00380715386525643,0.00154254153649178,1.00381441028138,1.00078268908767,1.00685531572613,35686,8099,40213.4057037966,40212.1863388032,3,0.01,1.91999999999996,Period__2020-2024,Period,2020-2024,4,3,Single lag 3,g04_s03__ssr__lag__03,129,ok,,11.9268335,1.04645398363966,1.00937502392709,1.08489502443763,TRUE
t2m,Temperature,lag,3,t2m_lag3,0.00098399895846152,0.00134975612339545,1.00098448324427,0.998338642685866,1.00363733601478,35686,8099,40219.0591113843,40217.8371696275,3,0.01,2,Period__2020-2024,Period,2020-2024,4,3,Single lag 3,g04_s03__t2m__lag__03,127,ok,,13.479322115,1.01335199117263,0.977836703027901,1.05015720526531,FALSE
tp,Total precipitation,lag,3,tp_lag3,-0.00170614499407759,0.00114855962991834,0.998295309643901,0.996049467430063,1.00054621563526,35686,8099,40217.4743734127,40216.2906446903,3,0.01,2.03000000000003,Period__2020-2024,Period,2020-2024,4,3,Single lag 3,g04_s03__tp__lag__03,132,ok,,5.281556069,0.991029377841687,0.979310739324359,1.00288824387253,FALSE
uv,Wind speed,lag,3,uv_lag3,-0.0277223345850787,0.0100427373579946,0.972658402908688,0.95369139352951,0.992002627710721,35686,8099,40212.1142830078,40210.8959191071,3,0.01,1.82999999999998,Period__2020-2024,Period,2020-2024,4,3,Single lag 3,g04_s03__uv__lag__03,130,ok,,1.48722404475,0.959609044699708,0.931911946925857,0.988129319740272,TRUE
O3,O3,mavg,4,O3_mavg4,0.000833764860345899,0.000316486406632849,1.00083411253889,1.00021318914494,1.0014554214352,35686,8099,40212.4689345799,40211.2657482667,3,0.01,1.88999999999999,Period__2020-2024,Period,2020-2024,4,3,Moving average 4,g04_s03__O3__mavg__04,144,ok,,47.9950007151812,1.0408279946205,1.01028343746975,1.07229602724866,TRUE
PM10,PM10,mavg,4,PM10_mavg4,0.00141701896055425,0.000404362106809846,1.00141802340631,1.00062429981652,1.00221237670361,35686,8099,40207.2837653314,40206.0464788333,3,0.01,1.85000000000002,Period__2020-2024,Period,2020-2024,4,3,Moving average 4,g04_s03__PM10__mavg__04,143,ok,,34.9200005203486,1.05072699716639,1.02203296608957,1.08022662984905,TRUE
PM25,PM2.5,mavg,4,PM25_mavg4,0.00118506518896176,0.000524000691520944,1.00118576765618,1.00015756426526,1.00221502819122,35686,8099,40214.4394252108,40213.2049992659,3,0.01,1.88,Period__2020-2024,Period,2020-2024,4,3,Moving average 4,g04_s03__PM25__mavg__04,142,ok,,22.7600003391504,1.02733912326971,1.00359231719517,1.0516478242381,TRUE
rh,Relative humidity,mavg,4,rh_mavg4,-0.00273086479564189,0.00108568963745328,0.997272860623647,0.995151995388032,0.999398246234828,35686,8099,40213.8663885039,40212.6321900215,3,0.01,1.98000000000002,Period__2020-2024,Period,2020-2024,4,3,Moving average 4,g04_s03__rh__mavg__04,137,ok,,12.8289468945,0.965572470904173,0.939557703097587,0.992307548755688,TRUE
sp,Surface pressure,mavg,4,sp_mavg4,-0.0032044462251961,0.0044495376230003,0.99680068253287,0.988141326801968,1.00553592278681,35686,8099,40219.5440598835,40218.3645324997,3,0.01,1.91000000000003,Period__2020-2024,Period,2020-2024,4,3,Moving average 4,g04_s03__sp__mavg__04,140,ok,,1.96137461000001,0.993734590583181,0.976873305095593,1.01088691004653,FALSE
ssr,Solar radiation,mavg,4,ssr_mavg4,0.0058139606541082,0.00200087990290944,1.00583089452507,1.00189222175072,1.00978505145669,35686,8099,40210.9819873552,40209.7554164875,3,0.01,2,Period__2020-2024,Period,2020-2024,4,3,Moving average 4,g04_s03__ssr__mavg__04,138,ok,,8.551214,1.05097302101447,1.01629687226469,1.0868323262335,TRUE
t2m,Temperature,mavg,4,t2m_mavg4,0.0016557173892131,0.00138717661904554,1.00165708884606,0.998936167968099,1.00438542120328,35686,8099,40218.1303702043,40216.9046060427,3,0.01,1.95000000000005,Period__2020-2024,Period,2020-2024,4,3,Moving average 4,g04_s03__t2m__mavg__04,136,ok,,13.58535496355,1.02274839492238,0.98564381822308,1.06124977663016,FALSE
tp,Total precipitation,mavg,4,tp_mavg4,-0.00424676741641816,0.0017401259244486,0.995762237348769,0.992370273426897,0.999165795025341,35686,8099,40213.6789432396,40212.4886804163,3,0.01,1.91000000000003,Period__2020-2024,Period,2020-2024,4,3,Moving average 4,g04_s03__tp__mavg__04,141,ok,,6.4430143448,0.973008964692264,0.951850846936838,0.994637392685422,TRUE
uv,Wind speed,mavg,4,uv_mavg4,-0.0505284982699816,0.0145881209268317,0.950726834216256,0.923915781226422,0.978315914044095,35686,8099,40207.8072780587,40206.5719880608,3,0.01,1.94999999999999,Period__2020-2024,Period,2020-2024,4,3,Moving average 4,g04_s03__uv__mavg__04,139,ok,,1.0408346989,0.948767206676155,0.920935032850067,0.977440513195197,TRUE
O3,O3,lag,3,O3_lag3,0.000930782874210792,0.000296526550250349,1.00093121618702,1.0003493847456,1.00151338605349,39632,8956,44550.3957627516,44549.1865562182,3,0.01,2.05999999999995,Season__Spring,Season,Spring,5,1,Single lag 3,g05_s01__O3__lag__03,153,ok,,49.1000007316471,1.04676184287888,1.01729973177228,1.07707720971158,TRUE
PM10,PM10,lag,3,PM10_lag3,6.54656963640694e-05,0.000262434703665284,1.00006546783929,0.999550958124072,1.00058024240441,39632,8956,44560.419667209,44559.1873251971,3,0.01,2.04999999999995,Season__Spring,Season,Spring,5,1,Single lag 3,g05_s01__PM10__lag__03,152,ok,,50.6000007539988,1.00331805688965,0.977529682118473,1.02978675966706,FALSE
PM25,PM2.5,lag,3,PM25_lag3,-0.000393844418370266,0.000480101928796063,0.999606233128162,0.998665614396677,1.00054773780276,39632,8956,44559.8877037379,44558.6625663256,3,0.01,2.00999999999999,Season__Spring,Season,Spring,5,1,Single lag 3,g05_s01__PM25__lag__03,151,ok,,27.5000004097819,0.989227719422656,0.963945896910736,1.01517261906322,FALSE
rh,Relative humidity,lag,3,rh_lag3,-0.00189859458854004,0.000950939340590805,0.998103206602075,0.996243780105217,0.999966103844248,39632,8956,44556.8992557996,44555.6675876383,3,0.01,1.99999999999994,Season__Spring,Season,Spring,5,1,Single lag 3,g05_s01__rh__lag__03,146,ok,,16.1870831675,0.969734740285341,0.940901591132311,0.999451461310891,TRUE
sp,Surface pressure,lag,3,sp_lag3,-0.00120212859161612,0.00375384737131326,0.998798593675511,0.991473507617022,1.00617779832908,39632,8956,44560.4543845223,44559.2684161148,3,0.01,2.04999999999995,Season__Spring,Season,Spring,5,1,Single lag 3,g05_s01__sp__lag__03,149,ok,,1.58204324249999,0.998099987897652,0.986544232438366,1.00979110059941,FALSE
ssr,Solar radiation,lag,3,ssr_lag3,0.00407372188302574,0.00138227301179131,1.00408203076688,1.00136415122517,1.00680728715795,39632,8956,44551.6322488725,44550.4155569568,3,0.01,1.97000000000003,Season__Spring,Season,Spring,5,1,Single lag 3,g05_s01__ssr__lag__03,147,ok,,13.1217605,1.05490888987707,1.01804881368798,1.09310354435506,TRUE
t2m,Temperature,lag,3,t2m_lag3,0.00437834920532723,0.00201526194610756,1.00438794818032,1.00042671150391,1.00836486975851,39632,8956,44555.5393780466,44554.3161049556,3,0.01,2.03999999999996,Season__Spring,Season,Spring,5,1,Single lag 3,g05_s01__t2m__lag__03,145,ok,,7.6910624475,1.03424754965341,1.00328655373167,1.06616399034352,TRUE
tp,Total precipitation,lag,3,tp_lag3,-0.00170373740388758,0.00105253003608853,0.998297713132788,0.996239444241593,1.00036023447376,39632,8956,44557.915347476,44556.725897816,3,0.01,1.98000000000002,Season__Spring,Season,Spring,5,1,Single lag 3,g05_s01__tp__lag__03,150,ok,,7.098020501,0.987979665403859,0.973611605320067,1.00255976184965,FALSE
uv,Wind speed,lag,3,uv_lag3,-0.0236604080227969,0.00929673860897024,0.976617304852731,0.958974887502568,0.994584292347407,39632,8956,44554.1150365079,44552.9103301722,3,0.01,2.02999999999997,Season__Spring,Season,Spring,5,1,Single lag 3,g05_s01__uv__lag__03,148,ok,,1.57387966975,0.963446195772346,0.936195989364987,0.991489583672516,TRUE
O3,O3,mavg,4,O3_mavg4,0.00120483030058736,0.000389207190910667,1.00120555640019,1.00044173115342,1.00196996485921,39632,8956,44550.5678109513,44549.3487076629,3,0.01,2,Season__Spring,Season,Spring,5,1,Moving average 4,g05_s01__O3__mavg__04,162,ok,,36.7250005472453,1.04524090865768,1.01635123677091,1.07495176789282,TRUE
PM10,PM10,mavg,4,PM10_mavg4,0.000199302480227507,0.00031519898569267,1.00019932234229,0.999581316210519,1.00081771058461,39632,8956,44560.0498001121,44558.8248764915,3,0.01,2.06000000000006,Season__Spring,Season,Spring,5,1,Moving average 4,g05_s01__PM10__mavg__04,161,ok,,47.0450007010251,1.00942027945145,0.980491694829408,1.03920237861397,FALSE
PM25,PM2.5,mavg,4,PM25_mavg4,-0.00016196214710656,0.000558500778408374,0.999838050968054,0.998743663069088,1.00093363806225,39632,8956,44560.4405573013,44559.2163564939,3,0.01,2.03000000000009,Season__Spring,Season,Spring,5,1,Moving average 4,g05_s01__PM25__mavg__04,160,ok,,24.6000003665686,0.996023657790235,0.969547976853687,1.02322231663986,FALSE
rh,Relative humidity,mavg,4,rh_mavg4,-0.00260664611973435,0.00134015957612973,0.99739674823233,0.994779110466703,1.00002127426347,39632,8956,44557.2377354091,44556.006295664,3,0.01,2.06000000000006,Season__Spring,Season,Spring,5,1,Moving average 4,g05_s01__rh__mavg__04,155,ok,,9.9918762615,0.974290967369839,0.949041134933167,1.00021259014113,FALSE
sp,Surface pressure,mavg,4,sp_mavg4,-0.00244288691858921,0.00376775786412965,0.997560094501408,0.99021708080495,1.00495756092711,39632,8956,44560.4467081497,44559.2554358381,3,0.01,2.0200000000001,Season__Spring,Season,Spring,5,1,Moving average 4,g05_s01__sp__mavg__04,158,ok,,1.51612970399999,0.996303116939927,0.985205330633907,1.00752591385831,FALSE
ssr,Solar radiation,mavg,4,ssr_mavg4,0.0080741090839381,0.00215768149213871,1.00810679260691,1.00385050395322,1.01238112790966,39632,8956,44546.1349321917,44544.9012048921,3,0.01,2.0200000000001,Season__Spring,Season,Spring,5,1,Moving average 4,g05_s01__ssr__mavg__04,156,ok,,6.9235716,1.05749369775295,1.02696520017049,1.08892971417485,TRUE
t2m,Temperature,mavg,4,t2m_mavg4,0.00785633260721734,0.00226562561899368,1.00788727456526,1.00341949887601,1.01237494370919,39632,8956,44547.9767195858,44546.7555397748,3,0.01,2.02999999999997,Season__Spring,Season,Spring,5,1,Moving average 4,g05_s01__t2m__mavg__04,154,ok,,6.7629653625,1.05456895006404,1.0233550587739,1.08673491601509,TRUE
tp,Total precipitation,mavg,4,tp_mavg4,-0.00272489195729909,0.00202173206378942,0.997278817191016,0.993333015565717,1.00124029261706,39632,8956,44558.736934693,44557.5278850466,3,0.01,2.03000000000009,Season__Spring,Season,Spring,5,1,Moving average 4,g05_s01__tp__mavg__04,159,ok,,6.7294540196,0.981830065359033,0.955982768233981,1.00837620610995,FALSE
uv,Wind speed,mavg,4,uv_mavg4,-0.0140142950663201,0.0142936462040249,0.986083448033822,0.95882882048761,1.01411278555001,39632,8956,44559.6140653404,44558.4011065916,3,0.01,2.03000000000009,Season__Spring,Season,Spring,5,1,Moving average 4,g05_s01__uv__mavg__04,157,ok,,1.018998302,0.985820940422908,0.958063271091515,1.01438282357318,FALSE
O3,O3,lag,3,O3_lag3,9.02251726042751e-05,0.000368082671642737,1.00009022924302,0.999368651117088,1.00081232872246,28367,6447,32004.7639429744,32003.5568994354,3,0.01,1.63999999999999,Season__Summer,Season,Summer,5,2,Single lag 3,g05_s02__O3__lag__03,171,ok,,44.3500006608669,1.00400950310084,0.972379453849701,1.03666844660483,FALSE
PM10,PM10,lag,3,PM10_lag3,-6.7304531281592e-05,0.000437474506864849,0.999932697733618,0.999075279162527,1.00079085215017,28367,6447,32004.8369024768,32003.604411703,3,0.01,1.63,Season__Summer,Season,Summer,5,2,Single lag 3,g05_s02__PM10__lag__03,170,ok,,32.4000004827977,0.99782170908058,0.970469972696319,1.02594432705088,FALSE
PM25,PM2.5,lag,3,PM25_lag3,-3.03840411661566e-05,0.000695988419215035,0.999969616420424,0.998605824452877,1.0013352709042,28367,6447,32004.8489409633,32003.6098506366,3,0.01,1.61000000000001,Season__Summer,Season,Summer,5,2,Single lag 3,g05_s02__PM25__lag__03,169,ok,,19.5000002905726,0.999407686675267,0.97316134092585,1.02636190116277,FALSE
rh,Relative humidity,lag,3,rh_lag3,0.00131250134081104,0.0012918628679677,1.00131336304765,0.998780031412834,1.00385312082997,28367,6447,32003.4968818727,32002.291796641,3,0.01,1.61000000000001,Season__Summer,Season,Summer,5,2,Single lag 3,g05_s02__rh__lag__03,164,ok,,13.45937256,1.01782240137199,0.98370420103208,1.05312394431007,FALSE
sp,Surface pressure,lag,3,sp_lag3,-0.00305064561990166,0.00432970906158233,0.99695400287128,0.988525563817404,1.00545430557804,28367,6447,32004.759975559,32003.5654230924,3,0.01,1.59000000000003,Season__Summer,Season,Summer,5,2,Single lag 3,g05_s02__sp__lag__03,167,ok,,1.61459749000001,0.995086545941159,0.981538827078284,1.00882125837202,FALSE
ssr,Solar radiation,lag,3,ssr_lag3,-0.00302042099071987,0.00178571469925446,0.996984135891705,0.993499191841389,1.00048130420503,28367,6447,32002.1287137923,32000.915368751,3,0.01,1.54999999999995,Season__Summer,Season,Summer,5,2,Single lag 3,g05_s02__ssr__lag__03,165,ok,,11.244934,0.966605881661253,0.92928500364746,1.00542559750363,FALSE
t2m,Temperature,lag,3,t2m_lag3,-0.0120860961809893,0.00399974675843815,0.987986647322871,0.980268070722792,0.995765999044326,28367,6447,31996.5316606122,31995.3021300834,3,0.01,1.6099999999999,Season__Summer,Season,Summer,5,2,Single lag 3,g05_s02__t2m__lag__03,163,ok,,4.65777906,0.945260842554329,0.911352221059853,0.980431097470695,TRUE
tp,Total precipitation,lag,3,tp_lag3,0.00171203756260203,0.000883991509970059,1.00171350393562,0.99997861811679,1.00345139966043,28367,6447,32001.0756472554,31999.8397815225,3,0.01,1.6400000000001,Season__Summer,Season,Summer,5,2,Single lag 3,g05_s02__tp__lag__03,168,ok,,7.926768283,1.01366342803058,0.999830523317111,1.02768771453567,FALSE
uv,Wind speed,lag,3,uv_lag3,-0.0234776886836633,0.011484407472116,0.9767957680251,0.955044375607256,0.999042553852113,28367,6447,32000.7661492977,31999.5382834941,3,0.01,1.62,Season__Summer,Season,Summer,5,2,Single lag 3,g05_s02__uv__lag__03,166,ok,,1.5165994945,0.965020194624912,0.932617859781353,0.998548296818302,TRUE
O3,O3,mavg,4,O3_mavg4,0.00052461976222222,0.000473688080218257,1.00052475739924,0.99959584635716,1.00145453216887,28367,6447,32003.4663777469,32002.2499303433,3,0.01,1.62,Season__Summer,Season,Summer,5,2,Moving average 4,g05_s02__O3__mavg__04,180,ok,,33.9600005060436,1.017975740598,0.986365964808884,1.05059852335949,FALSE
PM10,PM10,mavg,4,PM10_mavg4,0.000129815218241136,0.000489285790785676,1.0001298236446,0.999170718359162,1.00108984959785,28367,6447,32004.7513377231,32003.5277043825,3,0.01,1.61000000000001,Season__Summer,Season,Summer,5,2,Moving average 4,g05_s02__PM10__mavg__04,179,ok,,30.8000004589558,1.00400631268176,0.974771229933608,1.03411820703483,FALSE
PM25,PM2.5,mavg,4,PM25_mavg4,0.000304792203148084,0.00077025327028529,1.00030483865701,0.998795128381909,1.00181683093708,28367,6447,32004.6541169674,32003.4299892958,3,0.01,1.58000000000004,Season__Summer,Season,Summer,5,2,Moving average 4,g05_s02__PM25__mavg__04,178,ok,,18.0000002682209,1.00550133682103,0.978533002183531,1.03321291836293,FALSE
rh,Relative humidity,mavg,4,rh_mavg4,0.00142643205031263,0.00161842038274,1.00142744988841,0.998254395870754,1.00461059047498,28367,6447,32003.7119722625,32002.5014218937,3,0.01,1.63,Season__Summer,Season,Summer,5,2,Moving average 4,g05_s02__rh__mavg__04,173,ok,,9.79045863399999,1.0140633960589,0.983040264520461,1.04606557357513,FALSE
sp,Surface pressure,mavg,4,sp_mavg4,-0.003436332203723,0.00433499818587285,0.996569565228671,0.98813412781774,1.00507701413428,28367,6447,32004.7120318517,32003.5163987111,3,0.01,1.63999999999999,Season__Summer,Season,Summer,5,2,Moving average 4,g05_s02__sp__mavg__04,176,ok,,1.604064292,0.994503065953419,0.981034699528484,1.00815633669525,FALSE
ssr,Solar radiation,mavg,4,ssr_mavg4,-0.00304096724291729,0.002697543707165,0.996963651814648,0.991704020213939,1.00225117853005,28367,6447,32003.7167379246,32002.4841291627,3,0.01,1.61000000000001,Season__Summer,Season,Summer,5,2,Moving average 4,g05_s02__ssr__mavg__04,174,ok,,7.2678752,0.978141075464676,0.941250812051142,1.01647717172857,FALSE
t2m,Temperature,mavg,4,t2m_mavg4,-0.0129291410817812,0.00467377937123134,0.987154081212413,0.978148324654248,0.996242752615192,28367,6447,31998.0347462682,31996.8080144402,3,0.01,1.61000000000001,Season__Summer,Season,Summer,5,2,Moving average 4,g05_s02__t2m__mavg__04,172,ok,,3.993468858,0.949678168036831,0.915548867644226,0.985079718158634,TRUE
tp,Total precipitation,mavg,4,tp_mavg4,0.0018242426509545,0.00145875361964314,1.00182590759385,0.998964308174882,1.00469570425435,28367,6447,32003.2240949719,32001.9943964785,3,0.01,1.61000000000001,Season__Summer,Season,Summer,5,2,Moving average 4,g05_s02__tp__mavg__04,177,ok,,9.2161869176,1.01695468774849,0.990495381380986,1.04412080700102,FALSE
uv,Wind speed,mavg,4,uv_mavg4,-0.0272409976902632,0.0151882404123442,0.973126691977422,0.944571747607709,1.0025448677296,28367,6447,32001.7563366381,32000.5306760492,3,0.01,1.55999999999995,Season__Summer,Season,Summer,5,2,Moving average 4,g05_s02__uv__mavg__04,175,ok,,1.0237182331,0.972498149787618,0.943295078068836,1.00260530605605,FALSE
O3,O3,lag,3,O3_lag3,-0.000280581395706145,0.00027474453457392,0.999719457963572,0.999181007367002,1.00025819870658,27664,6323,31315.9876202465,31314.7504191389,3,0.01,1.57999999999993,Season__Autumn,Season,Autumn,5,3,Single lag 3,g05_s03__O3__lag__03,189,ok,,68.9000010266898,0.980853607430239,0.945112119852416,1.01794673632694,FALSE
PM10,PM10,lag,3,PM10_lag3,0.000461775926339899,0.000325066922038889,1.00046188256126,0.999824367366423,1.00109980427618,27664,6323,31314.8212266384,31313.5866168748,3,0.01,1.62,Season__Autumn,Season,Autumn,5,3,Single lag 3,g05_s03__PM10__lag__03,188,ok,,46.500000692904,1.02170477572256,0.991865629648218,1.05244159959777,FALSE
PM25,PM2.5,lag,3,PM25_lag3,0.00052220120692643,0.000464887118041484,1.00052233757771,0.99961067948537,1.0014348271305,27664,6323,31315.6018646525,31314.3642563644,3,0.01,1.56999999999994,Season__Autumn,Season,Autumn,5,3,Single lag 3,g05_s03__PM25__lag__03,187,ok,,30.8000004589558,1.01621383792894,0.988078227417607,1.04515061283552,FALSE
rh,Relative humidity,lag,3,rh_lag3,-0.00197291714578001,0.000972954475837728,0.998029027775985,0.996126736437276,0.999934952512879,27664,6323,31313.2105551506,31311.9817087953,3,0.01,1.63999999999999,Season__Autumn,Season,Autumn,5,3,Single lag 3,g05_s03__rh__lag__03,182,ok,,18.7092997375,0.96376104065501,0.929966465163017,0.998783707767126,TRUE
sp,Surface pressure,lag,3,sp_lag3,1.58243679303191e-05,0.00417503329417405,1.00001582449314,0.991862290443642,1.00823638498714,27664,6323,31316.6051874915,31315.4245806348,3,0.01,1.53999999999996,Season__Autumn,Season,Autumn,5,3,Single lag 3,g05_s03__sp__lag__03,185,ok,,1.84185016999999,1.00002914653951,0.985062921247142,1.01522275784476,FALSE
ssr,Solar radiation,lag,3,ssr_lag3,-0.000168026077696929,0.00203655765860708,0.999831988037894,0.995847133411156,1.00383278791592,27664,6323,31316.9495928972,31315.7085736803,3,0.01,1.68000000000006,Season__Autumn,Season,Autumn,5,3,Single lag 3,g05_s03__ssr__lag__03,183,ok,,10.3933635,0.998255167889562,0.957669907611312,1.04056039763803,FALSE
t2m,Temperature,lag,3,t2m_lag3,-0.00747869864022099,0.00220046519117647,0.992549197241505,0.988275678799864,0.996841194563796,27664,6323,31305.7552342703,31304.5279235047,3,0.01,1.53999999999996,Season__Autumn,Season,Autumn,5,3,Single lag 3,g05_s03__t2m__lag__03,181,ok,,7.67938296,0.944186290286511,0.913412660616961,0.975996703482417,TRUE
tp,Total precipitation,lag,3,tp_lag3,-0.00364633613569887,0.00249280752439664,0.996360303675129,0.991501830852397,1.00124258355115,27664,6323,31314.8625179518,31313.6690445268,3,0.01,1.55999999999995,Season__Autumn,Season,Autumn,5,3,Single lag 3,g05_s03__tp__lag__03,186,ok,,2.075895667,0.992459162478672,0.982439318640868,1.00258119810061,FALSE
uv,Wind speed,lag,3,uv_lag3,-0.0113555515506607,0.0108963064872845,0.988708679369114,0.967807448575303,1.01006130247297,27664,6323,31315.9345145103,31314.7173394328,3,0.01,1.57000000000005,Season__Autumn,Season,Autumn,5,3,Single lag 3,g05_s03__uv__lag__03,184,ok,,1.49820919475,0.983130911966167,0.95215771259536,1.01511165259271,FALSE
O3,O3,mavg,4,O3_mavg4,-0.00027062177518161,0.000313202884738289,0.999729414839588,0.999115609726957,1.00034359703059,27664,6323,31316.2804070045,31315.0556614953,3,0.01,1.54999999999995,Season__Autumn,Season,Autumn,5,3,Moving average 4,g05_s03__O3__mavg__04,198,ok,,59.7700008906425,0.983955050121975,0.948490604177895,1.02074552527041,FALSE
PM10,PM10,mavg,4,PM10_mavg4,0.000583701491261536,0.000368120970806204,1.00058387187813,0.999861862344399,1.00130640283866,27664,6323,31314.3005098457,31313.0638759272,3,0.01,1.53999999999996,Season__Autumn,Season,Autumn,5,3,Moving average 4,g05_s03__PM10__mavg__04,197,ok,,41.3450006160886,1.02442669946193,0.994304584758646,1.0554613557333,FALSE
PM25,PM2.5,mavg,4,PM25_mavg4,0.000779906112690555,0.000541531779477301,1.00078021031854,0.999718055782718,1.00184349340899,27664,6323,31314.7583920752,31313.5200855449,3,0.01,1.59999999999991,Season__Autumn,Season,Autumn,5,3,Moving average 4,g05_s03__PM25__mavg__04,196,ok,,26.4800003945827,1.02086664057426,0.992560872642765,1.04997963180921,FALSE
rh,Relative humidity,mavg,4,rh_mavg4,-0.00120378827444458,0.00117497050436484,0.998796935988011,0.996498356549596,1.00110081817012,27664,6323,31316.1256040863,31314.9040211772,3,0.01,1.54999999999995,Season__Autumn,Season,Autumn,5,3,Moving average 4,g05_s03__rh__mavg__04,191,ok,,15.323847355,0.981722430646701,0.947666325179201,1.01700241499375,FALSE
sp,Surface pressure,mavg,4,sp_mavg4,-0.000621756498733272,0.00418147361896019,0.999378436751785,0.991217581539144,1.00760648242622,27664,6323,31316.759266316,31315.5762930285,3,0.01,1.65999999999997,Season__Autumn,Season,Autumn,5,3,Moving average 4,g05_s03__sp__mavg__04,194,ok,,1.813453022,0.998873109217252,0.984130417996653,1.01383665369722,FALSE
ssr,Solar radiation,mavg,4,ssr_mavg4,-0.00210490734676685,0.00264409193343364,0.997897306417174,0.992736796066883,1.00308464244025,27664,6323,31316.3866378612,31315.151528803,3,0.01,1.54999999999995,Season__Autumn,Season,Autumn,5,3,Moving average 4,g05_s03__ssr__mavg__04,192,ok,,7.1443287,0.985074358330615,0.94925284741876,1.02224764859869,FALSE
t2m,Temperature,mavg,4,t2m_mavg4,-0.00727302616714128,0.0023527937909747,0.992753358283989,0.988183744926387,0.997344101871554,27664,6323,31307.7311430879,31306.5143412232,3,0.01,1.54999999999995,Season__Autumn,Season,Autumn,5,3,Moving average 4,g05_s03__t2m__mavg__04,190,ok,,7.3981136345,0.94761528741895,0.915817125036953,0.98051751042587,TRUE
tp,Total precipitation,mavg,4,tp_mavg4,-0.00612253081237236,0.00406545717499339,0.993896173686976,0.986004373076742,1.00185113867951,27664,6323,31314.738886322,31313.5066481099,3,0.01,1.63999999999999,Season__Autumn,Season,Autumn,5,3,Moving average 4,g05_s03__tp__mavg__04,195,ok,,3.20531476225,0.980566671315604,0.955828023008349,1.00594560240081,FALSE
uv,Wind speed,mavg,4,uv_mavg4,-0.0445068149147137,0.0152624129798117,0.956469081816191,0.9282679068367,0.98552701662789,27664,6323,31308.6391744396,31307.4001249859,3,0.01,1.54999999999995,Season__Autumn,Season,Autumn,5,3,Moving average 4,g05_s03__uv__mavg__04,193,ok,,1.0959622855,0.952392736811171,0.92166096699328,0.984149219384311,TRUE
O3,O3,lag,3,O3_lag3,0.000501348330961404,0.000469443554104272,1.00050147402704,0.999580903924201,1.0014228919352,32894,7421,36933.9598733633,36932.7576420823,3,0.01,1.81999999999994,Season__Winter,Season,Winter,5,4,Single lag 3,g05_s04__O3__lag__03,207,ok,,35.300000526011,1.01785512673581,0.985311747819907,1.05147336499336,FALSE
PM10,PM10,lag,3,PM10_lag3,0.000291241245462504,0.000224070617359226,1.00029128366031,0.999851871968404,1.00073088848269,32894,7421,36933.3987120484,36932.17697832,3,0.01,1.76999999999998,Season__Winter,Season,Winter,5,4,Single lag 3,g05_s04__PM10__lag__03,206,ok,,67.7000010088083,1.01991269715813,0.990021112131402,1.05070679648253,FALSE
PM25,PM2.5,lag,3,PM25_lag3,0.000201633956896189,0.000294317912261915,1.00020165428639,0.999624576216728,1.00077906551589,32894,7421,36934.6655758919,36933.4464030656,3,0.01,2.46000000000004,Season__Winter,Season,Winter,5,4,Single lag 3,g05_s04__PM25__lag__03,205,ok,,50.4000007510185,1.01021416363585,0.981253040185464,1.04003005893671,FALSE
rh,Relative humidity,lag,3,rh_lag3,-0.00192797172480329,0.000891935706825284,0.998073885618856,0.996329782751167,0.999821041919665,32894,7421,36930.8724689604,36929.6561358966,3,0.01,1.79000000000008,Season__Winter,Season,Winter,5,4,Single lag 3,g05_s04__rh__lag__03,200,ok,,19.1299173,0.963789914004977,0.932076754292232,0.996582094740962,TRUE
sp,Surface pressure,lag,3,sp_lag3,-0.00032284604038822,0.00387352463251968,0.999677206068787,0.992112824893855,1.00729926263438,32894,7421,36934.971395555,36933.8030807558,3,0.01,1.78000000000009,Season__Winter,Season,Winter,5,4,Single lag 3,g05_s04__sp__lag__03,203,ok,,1.63486987499999,0.999472328002169,0.987137809614355,1.01196097013594,FALSE
ssr,Solar radiation,lag,3,ssr_lag3,0.00855217384446343,0.00242827096530384,1.00858884815701,1.00379776865324,1.01340279531712,32894,7421,36922.5471417303,36921.3415629342,3,0.01,1.79000000000008,Season__Winter,Season,Winter,5,4,Single lag 3,g05_s04__ssr__lag__03,201,ok,,8.99309,1.07994538355924,1.03467667349364,1.12719467053161,TRUE
t2m,Temperature,lag,3,t2m_lag3,0.00567894870892206,0.00316130754767457,1.00569510450631,0.999480073388532,1.01194878242688,32894,7421,36931.8467621512,36930.6429307881,3,0.01,1.81000000000006,Season__Winter,Season,Winter,5,4,Single lag 3,g05_s04__t2m__lag__03,199,ok,,4.74191427225,1.02729495257328,0.99753694973078,1.05794068114443,FALSE
tp,Total precipitation,lag,3,tp_lag3,-0.00743068342391973,0.00302578989233741,0.99259685585006,0.98672494385866,0.998503710990356,32894,7421,36929.0743103268,36927.9093119491,3,0.01,1.83000000000004,Season__Winter,Season,Winter,5,4,Single lag 3,g05_s04__tp__lag__03,204,ok,,1.790334284,0.986784691929357,0.97635800539346,0.997322726619237,TRUE
uv,Wind speed,lag,3,uv_lag3,-0.033465478650562,0.0102994618549929,0.967088295848157,0.947752674819538,0.986818392664539,32894,7421,36924.7187404405,36923.5273536692,3,0.01,1.79000000000008,Season__Winter,Season,Winter,5,4,Single lag 3,g05_s04__uv__lag__03,202,ok,,1.616128744,0.947352031049407,0.916929932118651,0.97878347965464,TRUE
O3,O3,mavg,4,O3_mavg4,0.000580660388250807,0.000593136225544101,1.00058082900413,0.999417748648622,1.00174526290443,32894,7421,36934.1263992497,36932.9473826449,3,0.01,1.85000000000002,Season__Winter,Season,Winter,5,4,Moving average 4,g05_s04__O3__mavg__04,216,ok,,27.1600004047155,1.01589575076792,0.984305903626717,1.04849942751282,FALSE
PM10,PM10,mavg,4,PM10_mavg4,0.000697697753470571,0.000260802233864074,1.00069794120116,1.00018630781848,1.00120983635999,32894,7421,36927.8360949165,36926.6289404985,3,0.01,1.87,Season__Winter,Season,Winter,5,4,Moving average 4,g05_s04__PM10__mavg__04,215,ok,,61.5000009164215,1.0438422875438,1.01152274500968,1.07719448761862,TRUE
PM25,PM2.5,mavg,4,PM25_mavg4,0.000723867245766444,0.000352362641324536,1.00072412930089,1.00003291961794,1.00141581678903,32894,7421,36930.8133832194,36929.6069714439,3,0.01,1.74000000000001,Season__Winter,Season,Winter,5,4,Moving average 4,g05_s04__PM25__mavg__04,214,ok,,44.780000667274,1.03294585735504,1.00147520329322,1.0654054569783,TRUE
rh,Relative humidity,mavg,4,rh_mavg4,-0.00153313938188702,0.00115006657650467,0.998468035275914,0.996218860886882,1.00072228803179,32894,7421,36933.6942763484,36932.4928193548,3,0.01,1.89999999999998,Season__Winter,Season,Winter,5,4,Moving average 4,g05_s04__rh__mavg__04,209,ok,,15.1357423755,0.977061967437201,0.944274077188145,1.01098835261255,FALSE
sp,Surface pressure,mavg,4,sp_mavg4,-0.00165829540570334,0.00387915336407511,0.998343078806401,0.990777857002049,1.00596606639028,32894,7421,36935.1448955517,36933.9706047704,3,0.01,1.80999999999995,Season__Winter,Season,Winter,5,4,Moving average 4,g05_s04__sp__mavg__04,212,ok,,1.55366759999998,0.997426876329478,0.985708485345172,1.00928457972192,FALSE
ssr,Solar radiation,mavg,4,ssr_mavg4,0.0105578931744246,0.00338237842014473,1.01061382439387,1.00393309901637,1.01733900713378,32894,7421,36925.1692080373,36923.974366562,3,0.01,1.88999999999999,Season__Winter,Season,Winter,5,4,Moving average 4,g05_s04__ssr__mavg__04,210,ok,,5.395399,1.05861774846028,1.02140488325667,1.09718639148084,TRUE
t2m,Temperature,mavg,4,t2m_mavg4,0.0120872673743591,0.00366750560397234,1.01216061361127,1.00490765601335,1.01946591993025,32894,7421,36924.074231231,36922.8700622637,3,0.01,1.77999999999997,Season__Winter,Season,Winter,5,4,Moving average 4,g05_s04__t2m__mavg__04,208,ok,,4.11089483905,1.05094471167875,1.0203293971277,1.08247864970236,TRUE
tp,Total precipitation,mavg,4,tp_mavg4,-0.0171465946658942,0.00478725669798201,0.982999571578295,0.973815001293345,0.992270766104779,32894,7421,36922.0572669676,36920.8747925638,3,0.01,1.78999999999996,Season__Winter,Season,Winter,5,4,Moving average 4,g05_s04__tp__mavg__04,213,ok,,2.6401260256,0.955740189828805,0.932344478610207,0.979722978521298,TRUE
uv,Wind speed,mavg,4,uv_mavg4,-0.0575353669357514,0.0147070902939468,0.94408850027864,0.917250643565414,0.971711603195433,32894,7421,36920.0913732453,36918.8837192894,3,0.01,1.84000000000003,Season__Winter,Season,Winter,5,4,Moving average 4,g05_s04__uv__mavg__04,211,ok,,1.05931877275,0.940871886965288,0.912563009596609,0.970058938670894,TRUE
